SpecName,AverageFruitLength_cm,armature,armature_leaf,armature_stem,Fruit_size_binary
Acanthophoenix_crinita,0.65,1,1,1,0
Acanthophoenix_rousselii,2,1,1,1,0
Acanthophoenix_rubra,1,1,1,1,0
Acoelorrhaphe_wrightii,0.7,1,1,0,0
Acrocomia_aculeata,4.25,1,1,1,1
Acrocomia_crispa,2.5,1,1,1,0
Acrocomia_emensis,2,1,1,1,0
Acrocomia_glaucescens,NA,1,1,1,NA
Acrocomia_hassleri,2.25,1,1,1,0
Acrocomia_intumescens,4.6,1,1,1,1
Acrocomia_media,NA,1,1,1,NA
Acrocomia_totai,3,1,1,1,0
Actinokentia_divaricata,2.6,0,0,0,0
Actinokentia_huerlimannii,3,0,0,0,0
Actinorhytis_calapparia,10,0,0,0,1
Adonidia_maturbongsii,2.3,0,0,0,0
Adonidia_merrillii,2.5,0,0,0,0
Aiphanes_acanthophylla,1.4,1,1,NA,0
Aiphanes_acaulis,1,1,1,0,0
Aiphanes_bicornis,0.6,1,1,1,0
Aiphanes_buenaventurae,NA,1,1,NA,NA
Aiphanes_chiribogensis,1.1,1,1,1,0
Aiphanes_deltoidea,1.3,1,1,1,0
Aiphanes_duquei,1.05,1,1,1,0
Aiphanes_eggersii,1.75,1,1,1,0
Aiphanes_erinacea,0.75,1,1,1,0
Aiphanes_gelatinosa,1.5,1,1,1,0
Aiphanes_graminifolia,0.5,1,1,1,0
Aiphanes_grandis,2.15,1,1,1,0
Aiphanes_hirsuta,1.35,1,1,1,0
Aiphanes_horrida,1.95,1,1,1,0
Aiphanes_leiostachys,NA,1,1,1,NA
Aiphanes_lindeniana,1.5,1,1,1,0
Aiphanes_linearis,4.5,1,1,1,1
Aiphanes_macroloba,1,1,1,1,0
Aiphanes_minima,1.4,1,1,1,0
Aiphanes_multiplex,1.6,1,1,NA,0
Aiphanes_parvifolia,0.85,1,1,0,0
Aiphanes_pilaris,4.7,1,1,1,1
Aiphanes_simplex,0.9,1,1,1,0
Aiphanes_spicata,1,1,1,0,0
Aiphanes_stergiosii,NA,1,1,1,NA
Aiphanes_tricuspidata,0.75,1,1,1,0
Aiphanes_ulei,0.7,1,1,1,0
Aiphanes_verrucosa,2.25,1,1,1,0
Aiphanes_weberbaueri,0.85,1,1,0,0
Allagoptera_arenaria,1.6,0,0,0,0
Allagoptera_brevicalyx,1.75,0,0,0,0
Allagoptera_campestris,1.35,0,0,0,0
Allagoptera_caudescens,4.25,0,0,0,1
Allagoptera_leucocalyx,2.65,0,0,0,0
Ammandra_decasperma,10,0,0,0,1
Aphandra_natalia,4.75,0,0,0,1
Archontophoenix_alexandrae,1.1,0,0,0,0
Archontophoenix_cunninghamiana,1.25,0,0,0,0
Archontophoenix_maxima,1.25,0,0,0,0
Archontophoenix_myolensis,1.7,0,0,0,0
Archontophoenix_purpurea,2.3,0,0,0,0
Archontophoenix_tuckeri,2,0,0,0,0
Areca_abdulrahmanii,4,0,0,0,1
Areca_ahmadii,4.3,0,0,0,1
Areca_andersonii,2.1,0,0,0,0
Areca_arundinacea,1.9,0,0,0,0
Areca_bakeri,6.26,0,0,0,1
Areca_brachypoda,2.2,0,0,0,0
Areca_caliso,3,0,0,0,0
Areca_camarinensis,5,0,0,0,1
Areca_catechu,6.5,0,0,0,1
Areca_chaiana,3,0,0,0,0
Areca_churchii,NA,0,0,0,NA
Areca_concinna,3,0,0,0,0
Areca_congesta,NA,0,0,0,NA
Areca_costulata,NA,0,0,0,NA
Areca_dayung,NA,0,0,0,NA
Areca_dransfieldii,3.8,0,0,0,0
Areca_furcata,1,0,0,0,0
Areca_gurita,2,0,0,0,0
Areca_hutchinsoniana,3,0,0,0,0
Areca_insignis,2.2,0,0,0,0
Areca_ipot,5,0,0,0,1
Areca_jugahpunya,5.5,0,0,0,1
Areca_kinabaluensis,2,0,0,0,0
Areca_klingkangensis,2.6,0,0,0,0
Areca_laosensis,7.5,0,0,0,1
Areca_ledermanniana,NA,0,0,0,NA
Areca_macrocalyx,3.75,0,0,0,0
Areca_mandacanii,4.49,0,0,0,1
Areca_minuta,1.2,0,0,0,0
Areca_mogeana,1.5,0,0,0,0
Areca_montana,2.5,0,0,0,0
Areca_novohibernica,3.2,0,0,0,0
Areca_oxycarpa,2.5,0,0,0,0
Areca_parens,6,0,0,0,1
Areca_rheophytica,2,0,0,0,0
Areca_ridleyana,0.5,0,0,0,0
Areca_riparia,2.4,0,0,0,0
Areca_songthanhensis,3,0,0,0,0
Areca_subacaulis,2.5,0,0,0,0
Areca_triandra,2.5,0,0,0,0
Areca_triginticollina,NA,0,0,0,NA
Areca_tunku,4.5,0,0,0,1
Areca_vestiaria,2,0,0,0,0
Areca_vidaliana,1.4,0,0,0,0
Areca_whitfordii,4.5,0,0,0,1
Arenga_australasica,1.7,0,0,0,0
Arenga_brevipes,2.65,0,0,0,0
Arenga_caudata,1.5,0,0,0,0
Arenga_distincta,1,0,0,0,0
Arenga_engleri,1.5,0,0,0,0
Arenga_hastata,0.7,0,0,0,0
Arenga_hookeriana,1.2,0,0,0,0
Arenga_listeri,1.5,0,0,0,0
Arenga_longicarpa,1.8,0,0,0,0
Arenga_longipes,NA,0,0,0,NA
Arenga_micrantha,NA,0,0,0,NA
Arenga_microcarpa,1.44,0,0,0,0
Arenga_mindorensis,NA,0,0,0,NA
Arenga_obtusifolia,6,0,0,0,1
Arenga_pinnata,7,0,0,0,1
Arenga_plicata,NA,0,0,0,NA
Arenga_porphyrocarpa,1.5,0,0,0,0
Arenga_retroflorescens,2.45,0,0,0,0
Arenga_ryukyuensis,1.8,0,0,0,0
Arenga_talamauensis,NA,0,0,0,NA
Arenga_tremula,1.3,0,0,0,0
Arenga_undulatifolia,5,0,0,0,1
Arenga_westerhoutii,7,0,0,0,1
Arenga_wightii,2.5,0,0,0,0
Asterogyne_guianensis,2.5,0,0,0,0
Asterogyne_martiana,1,0,0,0,0
Asterogyne_ramosa,NA,0,0,0,NA
Asterogyne_spicata,NA,0,0,0,NA
Asterogyne_yaracuyense,NA,0,0,0,NA
Astrocaryum_acaule,4,1,1,1,1
Astrocaryum_aculeatissimum,5.5,1,1,1,1
Astrocaryum_aculeatum,5.5,1,1,1,1
Astrocaryum_alatum,2.6,1,1,1,0
Astrocaryum_campestre,3.25,1,1,1,0
Astrocaryum_carnosum,1.4,1,1,1,0
Astrocaryum_chambira,7,1,1,1,1
Astrocaryum_chonta,5.4,1,1,0,1
Astrocaryum_ciliatum,4.9,1,1,NA,1
Astrocaryum_confertum,3,1,1,1,0
Astrocaryum_echinatum,4.2,1,1,NA,1
Astrocaryum_faranae,6.1,1,1,NA,1
Astrocaryum_farinosum,6.2,1,1,NA,1
Astrocaryum_ferrugineum,5.3,1,1,NA,1
Astrocaryum_giganteum,4,1,1,1,1
Astrocaryum_gratum,5.35,1,1,1,1
Astrocaryum_huaimi,3.55,1,1,1,0
Astrocaryum_huicungo,5,1,1,1,1
Astrocaryum_jauari,3.5,1,1,1,0
Astrocaryum_javarense,5.1,1,1,1,1
Astrocaryum_macrocalyx,8,1,1,NA,1
Astrocaryum_malybo,NA,1,1,NA,NA
Astrocaryum_mexicanum,3.5,1,1,1,0
Astrocaryum_minus,1.2,1,1,1,0
Astrocaryum_murumuru,7.25,1,1,1,1
Astrocaryum_paramaca,3.75,1,1,NA,0
Astrocaryum_perangustatum,8,1,1,1,1
Astrocaryum_rodriguesii,4,1,1,1,1
Astrocaryum_sciophilum,6.75,1,1,1,1
Astrocaryum_scopatum,NA,1,1,NA,NA
Astrocaryum_sociale,5,1,1,0,1
Astrocaryum_standleyanum,5.5,1,1,1,1
Astrocaryum_triandrum,5,1,1,1,1
Astrocaryum_tucuma,NA,1,1,NA,NA
Astrocaryum_ulei,4.65,1,1,NA,1
Astrocaryum_urostachys,7.5,1,1,1,1
Astrocaryum_vulgare,4.25,1,1,1,1
Attalea_allenii,7,0,0,0,1
Attalea_amygdalina,7.5,0,0,0,1
Attalea_amylacea,NA,0,0,0,NA
Attalea_anisitsiana,NA,0,0,0,NA
Attalea_apoda,6,0,0,0,1
Attalea_attaleoides,5,0,0,0,1
Attalea_barreirensis,5.25,0,0,0,1
Attalea_bassleriana,9.05,0,0,0,1
Attalea_blepharopus,NA,0,0,0,NA
Attalea_brasiliensis,6,0,0,0,1
Attalea_brejinhoensis,9,0,0,0,1
Attalea_burretiana,7.27,0,0,0,1
Attalea_butyracea,8.25,0,0,0,1
Attalea_camopiensis,NA,0,0,0,NA
Attalea_cephalotus,NA,0,0,0,NA
Attalea_cohune,6,0,0,0,1
Attalea_colenda,5,0,0,0,1
Attalea_compta,8.75,0,0,0,1
Attalea_crassispatha,3.75,0,0,0,0
Attalea_cuatrecasana,12.5,0,0,0,1
Attalea_dahlgreniana,7.5,0,0,0,1
Attalea_degranvillei,NA,0,0,0,NA
Attalea_dubia,6.25,0,0,0,1
Attalea_eichleri,7.5,0,0,0,1
Attalea_exigua,5,0,0,0,1
Attalea_fairchildensis,NA,0,0,0,NA
Attalea_funifera,12.5,0,0,0,1
Attalea_geraensis,6,0,0,0,1
Attalea_guacuyule,NA,0,0,0,NA
Attalea_guianensis,NA,0,0,0,NA
Attalea_hoehnei,NA,0,0,0,NA
Attalea_huebneri,NA,0,0,0,NA
Attalea_humilis,6.5,0,0,0,1
Attalea_iguadummat,8.5,0,0,0,1
Attalea_insignis,7.5,0,0,0,1
Attalea_kewensis,NA,0,0,0,NA
Attalea_lauromuelleriana,NA,0,0,0,NA
Attalea_luetzelburgii,5.25,0,0,0,1
Attalea_macrolepis,NA,0,0,0,NA
Attalea_magdalenica,NA,0,0,0,NA
Attalea_maracaibensis,NA,0,0,0,NA
Attalea_maripa,5,0,0,0,1
Attalea_maripensis,NA,0,0,0,NA
Attalea_microcarpa,3.75,0,0,0,0
Attalea_minarum,NA,0,0,0,NA
Attalea_moorei,NA,0,0,0,NA
Attalea_nucifera,6.75,0,0,0,1
Attalea_oleifera,9,0,0,0,1
Attalea_osmantha,NA,0,0,0,NA
Attalea_peruviana,NA,0,0,0,NA
Attalea_phalerata,8.5,0,0,0,1
Attalea_piassabossu,8,0,0,0,1
Attalea_pindobassu,7.4,0,0,0,1
Attalea_plowmanii,11,0,0,0,1
Attalea_princeps,7,0,0,0,1
Attalea_racemosa,7.5,0,0,0,1
Attalea_rostrata,NA,0,0,0,NA
Attalea_salazarii,NA,0,0,0,NA
Attalea_salvadorensis,9,0,0,0,1
Attalea_seabrensis,7.5,0,0,0,1
Attalea_septuagenata,10.75,0,0,0,1
Attalea_speciosa,9.55,0,0,0,1
Attalea_spectabilis,5.5,0,0,0,1
Attalea_teixeirana,NA,0,0,0,NA
Attalea_tessmannii,12.5,0,0,0,1
Attalea_vitrivir,12,0,0,0,1
Attalea_voeksii,NA,0,0,0,NA
Attalea_weberbaueri,NA,0,0,0,NA
Attalea_wesselsboeri,NA,0,0,0,NA
Bactris_acanthocarpa,1.4,1,1,0,0
Bactris_acanthocarpoides,1.6,1,1,1,0
Bactris_ana-juliae,1.1,1,1,1,0
Bactris_aubletiana,0.6,1,1,0,0
Bactris_bahiensis,1.5,1,1,0,0
Bactris_balanophora,1.5,1,1,0,0
Bactris_barronis,1.3,1,1,0,0
Bactris_bidentula,2,1,1,1,0
Bactris_bifida,2.5,1,1,1,0
Bactris_brongniartii,1.5,1,1,1,0
Bactris_campestris,0.65,1,1,1,0
Bactris_caryotifolia,1.4,1,1,1,0
Bactris_caudata,1.1,1,1,1,0
Bactris_charnleyae,0.65,0,0,0,0
Bactris_chaveziae,2.75,1,1,0,0
Bactris_coloniata,2.25,1,1,1,0
Bactris_coloradonis,2,1,1,1,0
Bactris_concinna,3.25,1,1,0,0
Bactris_constanciae,2,1,1,1,0
Bactris_corossilla,2.25,1,1,1,0
Bactris_cubensis,1.25,1,1,1,0
Bactris_cuspidata,1,1,1,0,0
Bactris_dianeura,1.5,1,1,1,0
Bactris_elegans,1.35,1,1,1,0
Bactris_faucium,2,1,1,0,0
Bactris_ferruginea,1.65,1,1,1,0
Bactris_fissifrons,2.75,1,1,0,0
Bactris_gasipaes,5,1,1,1,1
Bactris_gastoniana,2.75,1,1,0,0
Bactris_glandulosa,1.05,1,1,1,0
Bactris_glassmanii,1.3,1,1,1,0
Bactris_glaucescens,1.6,1,1,1,0
Bactris_gracilior,1.15,1,1,1,0
Bactris_grayumii,1.15,1,1,0,0
Bactris_guineensis,1.75,1,1,1,0
Bactris_halmoorei,1.5,1,1,1,0
Bactris_hatschbachii,2.05,1,1,0,0
Bactris_herrerana,1.2,1,1,1,0
Bactris_hirta,0.75,1,1,0,0
Bactris_horridispatha,3.25,1,1,1,0
Bactris_jamaicana,1.1,1,1,1,0
Bactris_killipii,1.45,0,0,0,0
Bactris_kunorum,1.65,1,1,1,0
Bactris_longiseta,1.55,1,1,1,0
Bactris_macroacantha,2.85,1,1,1,0
Bactris_major,3.5,1,1,1,0
Bactris_maraja,1.5,1,1,1,0
Bactris_martiana,4.5,1,1,1,1
Bactris_mexicana,1.2,1,1,1,0
Bactris_militaris,1.6,1,1,1,0
Bactris_moorei,NA,NA,NA,NA,NA
Bactris_nancibaensis,2,NA,NA,NA,0
Bactris_obovata,NA,NA,NA,NA,NA
Bactris_oligocarpa,1.85,1,1,0,0
Bactris_oligoclada,1.25,1,1,0,0
Bactris_panamensis,0.85,1,1,0,0
Bactris_pickelii,1.35,1,1,0,0
Bactris_pilosa,2.25,1,1,0,0
Bactris_pliniana,2,1,1,1,0
Bactris_plumeriana,1.6,1,1,1,0
Bactris_polystachya,NA,NA,NA,NA,NA
Bactris_ptariana,0.85,1,1,1,0
Bactris_rhaphidacantha,1.25,1,1,0,0
Bactris_riparia,1,1,1,1,0
Bactris_rostrata,4,1,1,1,1
Bactris_schultesii,0.85,0,0,0,0
Bactris_setiflora,2.5,1,1,1,0
Bactris_setosa,1.25,1,1,1,0
Bactris_setulosa,1.9,1,1,1,0
Bactris_simplicifrons,0.5,1,0,1,0
Bactris_soeiroana,1,1,1,0,0
Bactris_sphaerocarpa,2.1,1,1,0,0
Bactris_syagroides,0.7,1,1,0,0
Bactris_tefensis,1,1,1,NA,0
Bactris_timbuiensis,1.4,1,1,1,0
Bactris_tomentosa,1.5,1,1,NA,0
Bactris_turbinocarpa,3,1,1,1,0
Bactris_vulgaris,1.7,1,1,1,0
Balaka_diffusa,4.1,0,0,0,1
Balaka_longirostris,3.5,0,0,0,0
Balaka_macrocarpa,4,0,0,0,1
Balaka_microcarpa,1.7,0,0,0,0
Balaka_pauciflora,1.5,0,0,0,0
Balaka_samoensis,3.5,0,0,0,0
Balaka_seemannii,1.95,0,0,0,0
Balaka_streptostachys,2.15,0,0,0,0
Balaka_tahitensis,2.05,0,0,0,0
Barcella_odora,3.5,0,0,0,0
Basselinia_deplanchei,0.6,0,0,0,0
Basselinia_eriostachys,0.63,0,0,0,0
Basselinia_favieri,0.8,0,0,0,0
Basselinia_glabrata,1.2,0,0,0,0
Basselinia_gracilis,0.4,0,0,0,0
Basselinia_humboldtiana,1,0,0,0,0
Basselinia_iterata,0.9,0,0,0,0
Basselinia_moorei,1.3,0,0,0,0
Basselinia_pancheri,0.7,0,0,0,0
Basselinia_porphyrea,1,0,0,0,0
Basselinia_sordida,0.7,0,0,0,0
Basselinia_tomentosa,0.75,0,0,0,0
Basselinia_velutina,1.1,0,0,0,0
Basselinia_vestita,0.7,0,0,0,0
Beccariophoenix_alfredii,2.4,0,0,0,0
Beccariophoenix_madagascariensis,3.5,0,0,0,0
Bentinckia_condapanna,1.5,0,0,0,0
Bentinckia_nicobarica,1.5,0,0,0,0
Bismarckia_nobilis,4.4,0,0,0,1
Borassodendron_borneense,9,0,0,0,1
Borassodendron_machadonis,12,0,0,0,1
Borassus_aethiopum,12,1,1,0,1
Borassus_akeassii,15,0,0,0,1
Borassus_flabellifer,20,0,0,0,1
Borassus_heineanus,13.5,0,0,0,1
Borassus_madagascariensis,30,1,1,0,1
Brahea_aculeata,2.25,0,0,0,0
Brahea_armata,2.1,0,0,0,0
Brahea_brandegeei,1.85,0,0,0,0
Brahea_calcarea,1.7,0,0,0,0
Brahea_decumbens,1.5,0,0,0,0
Brahea_dulcis,1.3,1,1,0,0
Brahea_edulis,3,1,1,0,0
Brahea_moorei,0.65,0,0,0,0
Brahea_pimo,1,1,1,0,0
Brahea_salvadorensis,1.2,0,NA,0,0
Brahea_sarukhanii,1.9,1,1,0,0
Brassiophoenix_drymophloeoides,3.2,0,0,0,0
Brassiophoenix_schumannii,3.1,0,0,0,0
Burretiokentia_dumasii,1.2,0,0,0,0
Burretiokentia_grandiflora,2.2,0,0,0,0
Burretiokentia_hapala,1.6,0,0,0,0
Burretiokentia_koghiensis,1.6,0,0,0,0
Burretiokentia_vieillardii,2,0,0,0,0
Butia_archeri,1.9,0,0,0,0
Butia_campicola,1.75,0,0,0,0
Butia_capitata,2.65,1,1,0,0
Butia_catarinensis,2.5,0,NA,0,0
Butia_eriospatha,1.9,1,1,0,0
Butia_exilata,3.5,0,NA,0,0
Butia_exospadix,1.6,0,0,0,0
Butia_lallemantii,3,0,0,0,0
Butia_lepidotispatha,NA,0,NA,0,NA
Butia_leptospatha,1.2,0,0,0,0
Butia_marmorii,1.6,0,0,0,0
Butia_matogrossensis,NA,0,1,0,NA
Butia_microspadix,2,0,0,0,0
Butia_missionera,NA,0,NA,0,NA
Butia_noblickii,NA,0,NA,0,NA
Butia_odorata,2.2,0,NA,0,0
Butia_paraguayensis,2.95,1,1,0,0
Butia_pubispatha,NA,0,NA,0,NA
Butia_purpurascens,2.6,0,0,0,0
Butia_quaraimana,NA,0,NA,0,NA
Butia_stolonifera,NA,0,NA,0,NA
Butia_yatay,3.6,1,1,0,0
Butyagrus_nabonnandii,NA,1,1,0,NA
Calamus_acanthochlamys,1,1,1,0,0
Calamus_acanthophyllus,1.2,1,1,0,0
Calamus_acanthospathus,2.5,1,1,0,0
Calamus_acaulis,NA,1,1,0,NA
Calamus_acidus,NA,1,1,0,NA
Calamus_acuminatus,0.7,1,1,0,0
Calamus_adspersus,NA,1,1,0,NA
Calamus_aidae,0.3,1,1,0,0
Calamus_albidus,2.5,1,1,0,0
Calamus_albus,NA,1,1,0,NA
Calamus_altiscandens,0.5,1,1,0,0
Calamus_amplijugus,1,1,1,0,0
Calamus_andamanicus,1.8,1,1,0,0
Calamus_anomalus,NA,1,1,0,NA
Calamus_arborescens,2.2,1,1,0,0
Calamus_arfakianus,NA,1,1,0,NA
Calamus_aruensis,1.1,1,1,0,0
Calamus_arugda,NA,1,1,0,NA
Calamus_ashtonii,0.75,1,1,1,0
Calamus_asperrimus,NA,1,1,0,NA
Calamus_australis,1.3,1,1,0,0
Calamus_austroguangxiensis,1.8,1,1,0,0
Calamus_axillaris,1.1,1,1,0,0
Calamus_bachmaensis,NA,1,1,0,NA
Calamus_bacularis,0.7,1,1,0,0
Calamus_balerensis,NA,1,1,0,NA
Calamus_balingensis,0.8,1,1,0,0
Calamus_bankae,NA,1,1,0,NA
Calamus_baratangensis,1.25,1,1,0,0
Calamus_barbatus,NA,1,1,0,NA
Calamus_basui,1.5,1,1,0,0
Calamus_batanensis,1,1,1,0,0
Calamus_beccarii,1.2,1,1,0,0
Calamus_benkulensis,0.6,1,1,0,0
Calamus_bicolor,0.3,1,1,0,0
Calamus_billitonensis,NA,1,1,0,NA
Calamus_bimaniferus,0.8,1,1,0,0
Calamus_blumei,2.2,1,1,0,0
Calamus_boniensis,NA,1,1,0,NA
Calamus_bousigonii,1.8,1,1,0,0
Calamus_brandisii,1,1,1,0,0
Calamus_brassii,NA,1,1,0,NA
Calamus_brevifolius,NA,1,1,0,NA
Calamus_burckianus,0.6,1,1,0,0
Calamus_burkillianus,1.2,1,1,0,0
Calamus_buroensis,NA,1,1,0,NA
Calamus_caesius,1.5,1,1,0,0
Calamus_calospathus,2.48,1,1,0,0
Calamus_caryotoides,1.5,1,1,0,0
Calamus_castaneus,2.5,1,1,0,0
Calamus_cawa,NA,1,1,0,NA
Calamus_centralis,NA,1,1,0,NA
Calamus_ceratophorus,1.9,1,1,0,0
Calamus_ciliaris,0.9,1,1,0,0
Calamus_cockburnii,1,1,1,0,0
Calamus_compsostachys,1,1,1,0,0
Calamus_comptus,0.7,1,1,0,0
Calamus_concinnus,0.8,1,1,0,0
Calamus_congestiflorus,NA,1,1,0,NA
Calamus_conirostris,3,1,1,0,0
Calamus_conjugatus,NA,1,1,0,NA
Calamus_convallium,3.12,1,1,0,0
Calamus_corneri,NA,1,1,0,NA
Calamus_corrugatus,1,1,1,0,0
Calamus_crassifolius,NA,1,1,0,NA
Calamus_crispus,NA,1,1,0,NA
Calamus_cumingianus,0.65,1,1,0,0
Calamus_curag,NA,1,1,0,NA
Calamus_cuthbertsonii,NA,1,1,0,NA
Calamus_dasyacanthus,1.09,1,1,0,0
Calamus_deerratus,1.5,1,1,0,0
Calamus_delessertianus,1.5,1,1,0,0
Calamus_delicatulus,1,1,1,0,0
Calamus_densiflorus,2,1,1,0,0
Calamus_depauperatus,NA,1,1,0,NA
Calamus_dianbaiensis,2,1,1,0,0
Calamus_didymocarpus,1.02,1,1,0,0
Calamus_diepenhorstii,2,1,1,0,0
Calamus_digitatus,1,1,1,0,0
Calamus_dilaceratus,1,1,1,0,0
Calamus_dimorphacanthus,0.6,1,1,0,0
Calamus_dioicus,0.8,1,1,0,0
Calamus_discolor,NA,1,1,0,NA
Calamus_distentus,NA,1,1,0,NA
Calamus_divaricatus,1.5,1,1,0,0
Calamus_dongnaiensis,3,1,1,0,0
Calamus_dransfieldii,1.8,1,1,0,0
Calamus_egregius,2,1,1,0,0
Calamus_elmerianus,NA,1,1,0,NA
Calamus_elopurensis,NA,1,1,0,NA
Calamus_endauensis,NA,1,1,0,NA
Calamus_epetiolaris,NA,1,1,0,NA
Calamus_equestris,NA,1,1,0,NA
Calamus_erectus,5,1,1,0,1
Calamus_erinaceus,1,1,1,0,0
Calamus_erioacanthus,1.7,1,1,0,0
Calamus_essigii,0.95,1,1,0,0
Calamus_evansii,NA,1,1,0,NA
Calamus_exilis,1.6,1,1,0,0
Calamus_eximius,NA,1,1,0,NA
Calamus_faberi,NA,1,1,0,NA
Calamus_farinosus,NA,1,1,0,NA
Calamus_fertilis,1.48,1,1,0,0
Calamus_filipendulus,1.4,1,1,0,0
Calamus_filispadix,1.15,1,1,0,0
Calamus_fimbriatus,NA,1,1,0,NA
Calamus_fissijugatus,NA,1,1,0,NA
Calamus_flabellatus,1.1,1,1,0,0
Calamus_flagellum,3,1,1,0,0
Calamus_floribundus,1.2,1,1,0,0
Calamus_formosanus,2,1,1,0,0
Calamus_foxworthyi,NA,1,1,0,NA
Calamus_fuscus,NA,1,1,0,NA
Calamus_gamblei,2,1,1,0,0
Calamus_gibbsianus,1.6,1,1,0,0
Calamus_godefroyi,1.6,1,1,0,0
Calamus_gogolensis,NA,1,1,0,NA
Calamus_gonospermus,2,1,1,0,0
Calamus_gracilis,2.7,1,1,0,0
Calamus_graminosus,NA,1,1,0,NA
Calamus_grandifolius,NA,1,1,0,NA
Calamus_gregisectus,NA,1,1,0,NA
Calamus_griseus,0.7,1,1,0,0
Calamus_guruba,0.8,1,1,0,0
Calamus_hainanensis,NA,1,1,0,NA
Calamus_halmaherensis,NA,1,1,0,NA
Calamus_harmandii,1.2,1,1,0,0
Calamus_hartmannii,NA,1,1,0,NA
Calamus_henryanus,1.5,1,1,0,0
Calamus_hepburnii,NA,1,1,0,NA
Calamus_heteracanthus,NA,1,1,0,NA
Calamus_heteroideus,0.94,1,1,0,0
Calamus_hispidulus,2,1,1,0,0
Calamus_holttumii,1,1,1,0,0
Calamus_hookerianus,1,1,1,0,0
Calamus_hukaungensis,NA,1,1,0,NA
Calamus_humboldtianus,NA,1,1,1,NA
Calamus_hypertrichosus,NA,1,1,0,NA
Calamus_hypoleucus,NA,1,1,0,NA
Calamus_impar,NA,1,1,0,NA
Calamus_inops,NA,1,1,0,NA
Calamus_insignis,1.1,1,1,0,0
Calamus_interruptus,NA,1,1,0,NA
Calamus_javensis,1.35,1,1,0,0
Calamus_jenningsianus,2,1,1,0,0
Calamus_kandariensis,NA,1,1,0,NA
Calamus_karnatakensis,0.8,1,1,0,0
Calamus_karuensis,NA,1,1,0,NA
Calamus_keyensis,NA,1,1,0,NA
Calamus_kiahii,2.5,1,1,0,0
Calamus_kingianus,1,1,1,0,0
Calamus_kjellbergii,NA,1,1,0,NA
Calamus_klossii,NA,1,1,0,NA
Calamus_kontumensis,3.5,1,1,0,0
Calamus_koordersianus,NA,1,1,0,NA
Calamus_lacciferus,2,1,1,0,0
Calamus_laevigatus,1.2,1,1,0,0
Calamus_lakshmanae,1,1,1,0,0
Calamus_lambirensis,0.7,1,1,0,0
Calamus_laoensis,2,1,1,0,0
Calamus_lateralis,2,1,1,0,0
Calamus_latifolius,NA,1,1,0,NA
Calamus_latispinus,NA,1,1,0,NA
Calamus_lauterbachii,NA,1,1,0,NA
Calamus_laxissimus,NA,1,1,0,NA
Calamus_ledermannianus,NA,1,1,0,NA
Calamus_leiocaulis,NA,1,1,0,NA
Calamus_leloi,1.8,1,1,0,0
Calamus_leptospadix,1.5,1,1,0,0
Calamus_leptostachys,0.9,1,1,0,0
Calamus_lobbianus,3,1,1,0,0
Calamus_longipinna,0.77,1,1,1,0
Calamus_longisetus,3.5,1,1,0,0
Calamus_longispathus,2.8,1,1,0,0
Calamus_luridus,1,1,1,0,0
Calamus_macgregorii,NA,1,1,0,NA
Calamus_macrochlamys,1.1,1,1,0,0
Calamus_macrorhynchus,2.7,1,1,0,0
Calamus_macrosphaerion,2.5,1,1,0,0
Calamus_maiadum,NA,1,1,0,NA
Calamus_malawaliensis,0.75,1,1,0,0
Calamus_manan,2.8,1,1,0,0
Calamus_manillensis,1.9,1,1,0,0
Calamus_marginatus,1.6,1,1,0,0
Calamus_maritimus,NA,1,1,0,NA
Calamus_mattanensis,1.5,1,1,0,0
Calamus_maturbongsii,1.5,1,1,0,0
Calamus_mayrii,NA,1,1,0,NA
Calamus_megaphyllus,1.15,1,1,0,0
Calamus_meghalayensis,1,1,1,0,0
Calamus_melanacanthos,NA,1,1,0,NA
Calamus_melanochrous,2.4,1,1,0,0
Calamus_melanoloma,NA,1,1,0,NA
Calamus_melanorhynchus,1.3,1,1,0,0
Calamus_merrillii,1,1,1,0,0
Calamus_mesilauensis,2,1,1,0,0
Calamus_metzianus,1.7,1,1,0,0
Calamus_micranthus,0.9,1,1,0,0
Calamus_microcarpus,0.72,1,1,0,0
Calamus_microsphaerion,0.6,1,1,0,0
Calamus_minahassae,1.24,1,1,0,0
Calamus_mindorensis,0.77,1,1,0,0
Calamus_minor,NA,1,1,0,NA
Calamus_minutus,0.8,1,1,0,0
Calamus_mitis,1.5,1,1,0,0
Calamus_modestus,1.5,1,1,0,0
Calamus_mogeae,1.4,1,1,0,0
Calamus_moorhousei,NA,1,1,0,NA
Calamus_moseleyanus,NA,1,1,0,NA
Calamus_moszkowskianus,NA,1,1,0,NA
Calamus_moti,1.3,1,1,0,0
Calamus_muelleri,1.3,1,1,1,0
Calamus_multinervis,0.93,1,1,0,0
Calamus_multisetosus,NA,1,1,0,NA
Calamus_multispicatus,1,1,1,0,0
Calamus_muricatus,1,1,1,0,0
Calamus_myriacanthus,0.5,1,1,0,0
Calamus_myriocarpus,NA,1,1,0,NA
Calamus_myriocladus,NA,1,1,0,NA
Calamus_nagbettai,1.6,1,1,0,0
Calamus_nambariensis,2.4,1,1,0,0
Calamus_nannostachys,NA,1,1,0,NA
Calamus_nanodendron,2.82,1,1,0,0
Calamus_neelagiricus,1,1,1,0,0
Calamus_nematospadix,0.7,1,1,0,0
Calamus_nicobaricus,NA,1,1,0,NA
Calamus_nielsenii,NA,1,1,0,NA
Calamus_nigricans,NA,1,1,0,NA
Calamus_occidentalis,1.85,1,1,0,0
Calamus_oligostachys,0.7,1,1,0,0
Calamus_opacus,0.94,1,1,0,0
Calamus_optimus,1.4,1,1,0,0
Calamus_ornatus,3,1,1,0,0
Calamus_orthostachyus,1.33,1,1,0,0
Calamus_ovoideus,1.6,1,1,0,0
Calamus_oxleyanus,1.2,1,1,0,0
Calamus_oxycarpus,3,1,1,0,0
Calamus_pachypus,1.25,1,1,0,0
Calamus_pachystachys,1.1,1,1,0,0
Calamus_pachystemonus,0.5,1,1,0,0
Calamus_padangensis,NA,1,1,0,NA
Calamus_palustris,1.5,1,1,0,0
Calamus_pandanosmus,1.5,1,1,0,0
Calamus_papuanus,NA,1,1,0,NA
Calamus_parvulus,NA,1,1,0,NA
Calamus_paspalanthus,1.775,1,1,0,0
Calamus_paucijugus,NA,1,1,0,NA
Calamus_paulii,0.8,1,1,0,0
Calamus_pedicellatus,NA,1,1,0,NA
Calamus_penicillatus,NA,1,1,0,NA
Calamus_perakensis,0.95,1,1,0,0
Calamus_peregrinus,2,1,1,0,0
Calamus_pholidostachys,1.53,1,1,0,0
Calamus_pilosellus,0.7,1,1,0,0
Calamus_pilosissimus,NA,1,1,0,NA
Calamus_pisicarpus,NA,1,1,0,NA
Calamus_platyspathus,0.8,1,1,0,0
Calamus_plicatus,NA,1,1,0,NA
Calamus_poensis,NA,1,1,0,NA
Calamus_pogonacanthus,0.8,1,1,0,0
Calamus_poilanei,2,1,1,0,0
Calamus_polycladus,NA,1,1,0,NA
Calamus_polystachys,0.77,1,1,0,0
Calamus_praetermissus,1.15,1,1,0,0
Calamus_prasinus,NA,1,1,0,NA
Calamus_prattianus,NA,1,1,0,NA
Calamus_pseudofeanus,1.5,1,1,0,0
Calamus_pseudomollis,NA,1,1,0,NA
Calamus_pseudorivalis,1.5,1,1,0,0
Calamus_pseudotenuis,1.5,1,1,0,0
Calamus_pseudoulur,2.2,1,1,0,0
Calamus_pseudozebrinus,NA,1,1,0,NA
Calamus_psilocladus,0.8,1,1,0,0
Calamus_pulaiensis,NA,1,1,0,NA
Calamus_pulcher,NA,1,1,0,NA
Calamus_pycnocarpus,2.745,1,1,0,0
Calamus_pygmaeus,0.75,1,1,0,0
Calamus_quinquenervius,1.95,1,1,0,0
Calamus_radiatus,1.2,1,1,0,0
Calamus_radicalis,0.9,1,1,0,0
Calamus_radulosus,NA,1,1,0,NA
Calamus_ramulosus,NA,1,1,0,NA
Calamus_reinwardtii,NA,1,1,0,NA
Calamus_renukae,2,1,1,0,0
Calamus_reticulatus,NA,1,1,0,NA
Calamus_reyesianus,2,1,1,0,0
Calamus_rhabdocladus,1.4,1,1,0,0
Calamus_rheedei,2.2,1,1,0,0
Calamus_rhomboideus,2.45,1,1,0,0
Calamus_rhytidomus,1.5,1,1,0,0
Calamus_ridleyanus,1.25,1,1,0,0
Calamus_robinsonianus,NA,1,1,0,NA
Calamus_rotang,1.5,1,1,0,0
Calamus_rudentum,2,1,1,0,0
Calamus_rugosus,NA,1,1,0,NA
Calamus_rumphii,NA,1,1,0,NA
Calamus_ruvidus,NA,1,1,0,NA
Calamus_sabalensis,0.9,1,1,0,0
Calamus_sabensis,NA,1,1,0,NA
Calamus_salicifolius,1,1,1,0,0
Calamus_samian,NA,1,1,0,NA
Calamus_sarawakensis,1.3,1,1,0,0
Calamus_scabridulus,NA,1,1,0,NA
Calamus_scabrispathus,NA,1,1,0,NA
Calamus_schaeferianus,NA,1,1,0,NA
Calamus_schistoacanthus,1.3,1,1,0,0
Calamus_schlechterianus,NA,1,1,1,NA
Calamus_scipionum,1.4,1,1,0,0
Calamus_scleracanthus,1.1,1,1,0,0
Calamus_sedens,0.8,1,1,0,0
Calamus_semierectus,1.5,1,1,0,0
Calamus_semoi,1.8,1,1,0,0
Calamus_senalingensis,NA,1,1,0,NA
Calamus_sepikensis,NA,1,1,0,NA
Calamus_seriatus,NA,1,1,0,NA
Calamus_serrulatus,NA,1,1,0,NA
Calamus_sessilifolius,NA,1,1,0,NA
Calamus_setulosus,NA,1,1,0,NA
Calamus_shendurunii,1.8,1,1,0,0
Calamus_siamensis,0.8,1,1,0,0
Calamus_simplex,2.59,1,1,0,0
Calamus_simplicifolius,3,1,1,0,0
Calamus_siphonospathus,0.6,1,1,0,0
Calamus_solitarius,0.8,1,1,0,0
Calamus_sordidus,0.75,1,1,0,0
Calamus_speciosissimus,1,1,1,0,0
Calamus_spectabilis,NA,1,1,0,NA
Calamus_spectatissimus,2,1,1,0,0
Calamus_spicatus,NA,1,1,0,NA
Calamus_spinifolius,NA,1,1,0,NA
Calamus_spinulinervis,NA,1,1,0,NA
Calamus_spiralis,2.3,1,1,0,0
Calamus_stoloniferus,1,1,1,0,0
Calamus_suaveolens,0.8,1,1,0,0
Calamus_subinermis,1,1,1,0,0
Calamus_sumbawensis,NA,1,1,0,NA
Calamus_symphysipus,0.75,1,1,0,0
Calamus_tanakadatei,NA,1,1,0,NA
Calamus_tapa,NA,1,1,0,NA
Calamus_temburongii,0.5,1,1,0,0
Calamus_temii,2,1,1,0,0
Calamus_tenompokensis,0.8,1,1,0,0
Calamus_tenuis,1.6,1,1,0,0
Calamus_tetradactyloides,1.5,1,1,0,0
Calamus_tetradactylus,0.9,1,1,0,0
Calamus_thwaitesii,2.5,1,1,0,0
Calamus_thysanolepis,1.5,1,1,0,0
Calamus_timorensis,NA,1,1,0,NA
Calamus_toli-toliensis,NA,1,1,0,NA
Calamus_tomentosus,2.5,1,1,0,0
Calamus_trachycoleus,NA,1,1,0,NA
Calamus_travancoricus,1,1,1,0,0
Calamus_trispermus,1.6,1,1,0,0
Calamus_tumidus,2.2,1,1,0,0
Calamus_ulur,NA,1,1,0,NA
Calamus_unifarius,1.5,1,1,0,0
Calamus_usitatus,0.8,1,1,0,0
Calamus_vattayila,2.5,1,1,0,0
Calamus_vestitus,1.31,1,1,0,0
Calamus_vidalianus,1.16,1,1,0,0
Calamus_viminalis,1,1,1,0,0
Calamus_vinosus,NA,1,1,0,NA
Calamus_viridispinus,0.95,1,1,0,0
Calamus_viridissimus,1.05,1,1,0,0
Calamus_vitiensis,1.1,1,1,0,0
Calamus_wailong,1.85,1,1,0,0
Calamus_walkeri,1.2,1,1,0,0
Calamus_wanggaii,NA,1,1,0,NA
Calamus_warburgii,1,1,1,0,0
Calamus_wari-wariensis,NA,1,1,0,NA
Calamus_whitmorei,0.7,1,1,0,0
Calamus_wightii,1.8,1,1,0,0
Calamus_winklerianus,NA,1,1,0,NA
Calamus_wuliangshanensis,2.7,1,1,0,0
Calamus_yentuensis,1,1,1,0,0
Calamus_zebrinus,1.15,1,1,0,0
Calamus_zeylanicus,NA,1,1,0,NA
Calamus_zollingeri,0.5,1,1,0,0
Calamus_zonatus,0.8,1,1,0,0
Calyptrocalyx_albertisianus,2.85,0,0,0,0
Calyptrocalyx_amoenus,1.1,0,0,0,0
Calyptrocalyx_arfakianus,1.15,0,0,0,0
Calyptrocalyx_awa,1.1,0,0,0,0
Calyptrocalyx_caudiculatus,1.1,0,0,0,0
Calyptrocalyx_doxanthus,1.3,0,0,0,0
Calyptrocalyx_elegans,1.3,0,0,0,0
Calyptrocalyx_flabellatus,1.15,0,0,0,0
Calyptrocalyx_forbesii,0.4,0,0,0,0
Calyptrocalyx_geonomiformis,1,0,0,0,0
Calyptrocalyx_hollrungii,1.4,0,0,0,0
Calyptrocalyx_julianettii,1.2,0,0,0,0
Calyptrocalyx_lauterbachianus,2.6,0,0,0,0
Calyptrocalyx_laxiflorus,2,0,0,0,0
Calyptrocalyx_lepidotus,0.85,0,0,0,0
Calyptrocalyx_leptostachys,1.8,0,0,0,0
Calyptrocalyx_merrillianus,1.9,0,0,0,0
Calyptrocalyx_micholitzii,1.15,0,0,0,0
Calyptrocalyx_multifidus,1.3,0,0,0,0
Calyptrocalyx_pachystachys,1.7,0,0,0,0
Calyptrocalyx_pauciflorus,1.3,0,0,0,0
Calyptrocalyx_polyphyllus,1,0,0,0,0
Calyptrocalyx_pusillus,0.95,0,0,0,0
Calyptrocalyx_sessiliflorus,0.9,0,0,0,0
Calyptrocalyx_spicatus,5,0,0,0,1
Calyptrocalyx_yamutumene,1.7,0,0,0,0
Calyptrogyne_allenii,1.15,0,0,0,0
Calyptrogyne_anomala,1.08,0,0,0,0
Calyptrogyne_baudensis,1.68,0,0,0,0
Calyptrogyne_coloradensis,NA,0,0,0,NA
Calyptrogyne_condensata,1.25,0,0,0,0
Calyptrogyne_costatifrons,1.56,0,0,0,0
Calyptrogyne_deneversii,1.003,0,0,0,0
Calyptrogyne_fortunensis,NA,0,0,0,NA
Calyptrogyne_ghiesbreghtiana,1.16,0,0,0,0
Calyptrogyne_herrerae,NA,0,0,0,NA
Calyptrogyne_kunorum,2.07,0,0,0,0
Calyptrogyne_osensis,1.75,0,0,0,0
Calyptrogyne_panamensis,1.12,0,0,0,0
Calyptrogyne_pubescens,1.22,0,0,0,0
Calyptrogyne_sanblasensis,1.05,0,0,0,0
Calyptrogyne_trichostachys,0.98,0,0,0,0
Calyptrogyne_tutensis,1.35,0,0,0,0
Calyptronoma_occidentalis,1.28,0,0,0,0
Calyptronoma_plumeriana,2.5,0,0,0,0
Calyptronoma_rivalis,0.58,0,0,0,0
Carpentaria_acuminata,2,0,0,0,0
Carpoxylon_macrospermum,6,0,0,0,1
Caryota_albertii,2.75,0,0,0,0
Caryota_angustifolia,1.75,0,0,0,0
Caryota_cumingii,1.5,0,0,0,0
Caryota_kiriwongensis,3.3,0,0,0,0
Caryota_maxima,2.1,0,0,0,0
Caryota_mitis,1.4,0,0,0,0
Caryota_monostachya,3.5,0,0,0,0
Caryota_no,2.2,0,0,0,0
Caryota_obtusa,3.2,0,0,0,0
Caryota_ophiopellis,1.4,0,0,0,0
Caryota_rumphiana,2.2,0,0,0,0
Caryota_sympetala,3,0,0,0,0
Caryota_urens,2,0,0,0,0
Caryota_zebrina,2.5,0,0,0,0
Ceratolobus_concolor,2,1,1,0,0
Ceratolobus_discolor,2.1,1,1,0,0
Ceratolobus_glaucescens,1.2,1,1,0,0
Ceratolobus_kingianus,1.1,1,1,0,0
Ceratolobus_pseudoconcolor,1.4,1,1,0,0
Ceratolobus_subangulatus,1.75,1,1,0,0
Ceroxylon_alpinum,1.8,0,0,0,0
Ceroxylon_amazonicum,1.85,0,0,0,0
Ceroxylon_ceriferum,1.65,0,0,0,0
Ceroxylon_echinulatum,2,0,0,0,0
Ceroxylon_parvifrons,2,0,0,0,0
Ceroxylon_parvum,1.5,0,0,0,0
Ceroxylon_peruvianum,2.15,0,0,0,0
Ceroxylon_pityrophyllum,1.9,0,0,0,0
Ceroxylon_quindiuense,1.8,0,0,0,0
Ceroxylon_sasaimae,1.65,0,0,0,0
Ceroxylon_ventricosum,1.65,0,0,0,0
Ceroxylon_vogelianum,1.65,0,0,0,0
Chamaedorea_adscendens,0.8,0,0,0,0
Chamaedorea_allenii,1.425,0,0,0,0
Chamaedorea_alternans,2,0,0,0,0
Chamaedorea_amabilis,1.2,0,0,0,0
Chamaedorea_anemophila,1.1,0,0,0,0
Chamaedorea_angustisecta,1.55,0,0,0,0
Chamaedorea_arenbergiana,1.2,0,0,0,0
Chamaedorea_atrovirens,NA,0,0,0,NA
Chamaedorea_benziei,NA,0,0,0,NA
Chamaedorea_binderi,0.7,0,0,0,0
Chamaedorea_brachyclada,0.4,0,0,0,0
Chamaedorea_brachypoda,0.75,0,0,0,0
Chamaedorea_carchensis,1,0,0,0,0
Chamaedorea_castillo-montii,1.3,0,0,0,0
Chamaedorea_cataractarum,1,0,0,0,0
Chamaedorea_christinae,1.5,0,0,0,0
Chamaedorea_correae,0.65,0,0,0,0
Chamaedorea_costaricana,1.25,0,0,0,0
Chamaedorea_crucensis,1.3,0,0,0,0
Chamaedorea_dammeriana,1.15,0,0,0,0
Chamaedorea_deckeriana,1.25,0,0,0,0
Chamaedorea_deneversiana,0.75,0,0,0,0
Chamaedorea_elatior,1.5,0,0,0,0
Chamaedorea_elegans,0.55,0,0,0,0
Chamaedorea_ernesti-augusti,1.25,0,0,0,0
Chamaedorea_falcifera,1.4,0,0,0,0
Chamaedorea_foveata,NA,0,0,0,NA
Chamaedorea_fractiflexa,0.75,0,0,0,0
Chamaedorea_fragrans,1.2,0,0,0,0
Chamaedorea_frondosa,0.55,0,0,0,0
Chamaedorea_geonomiformis,0.9,0,0,0,0
Chamaedorea_glaucifolia,0.8,0,0,0,0
Chamaedorea_graminifolia,0.8,0,0,0,0
Chamaedorea_guntheriana,0.6,0,0,0,0
Chamaedorea_hodelii,1.05,0,0,0,0
Chamaedorea_hooperiana,0.75,0,0,0,0
Chamaedorea_ibarrae,0.9,0,0,0,0
Chamaedorea_incrustata,0.9,0,0,0,0
Chamaedorea_keelerorum,0.9,0,0,0,0
Chamaedorea_klotzschiana,1.05,0,0,0,0
Chamaedorea_lehmannii,0.65,0,0,0,0
Chamaedorea_liebmannii,1,0,0,0,0
Chamaedorea_linearis,1.65,0,0,0,0
Chamaedorea_lucidifrons,0.55,0,0,0,0
Chamaedorea_macrospadix,0.85,0,0,0,0
Chamaedorea_matae,0.75,0,0,0,0
Chamaedorea_metallica,1.1,0,0,0,0
Chamaedorea_microphylla,0.6,0,0,0,0
Chamaedorea_microspadix,1,0,0,0,0
Chamaedorea_moliniana,1,0,0,0,0
Chamaedorea_nationsiana,1.25,0,0,0,0
Chamaedorea_neurochlamys,1,0,0,0,0
Chamaedorea_nubium,1.2,0,0,0,0
Chamaedorea_oblongata,1.1,0,0,0,0
Chamaedorea_oreophila,0.95,0,0,0,0
Chamaedorea_pachecoana,1,0,0,0,0
Chamaedorea_palmeriana,1.2,0,0,0,0
Chamaedorea_parvifolia,NA,0,0,0,NA
Chamaedorea_parvisecta,1,0,0,0,0
Chamaedorea_pauciflora,1.35,0,0,0,0
Chamaedorea_pedunculata,0.75,0,0,0,0
Chamaedorea_pinnatifrons,1.25,0,0,0,0
Chamaedorea_piscifolia,1.2,0,0,0,0
Chamaedorea_pittieri,1,0,0,0,0
Chamaedorea_plumosa,1.1,0,0,0,0
Chamaedorea_pochutlensis,1.35,0,0,0,0
Chamaedorea_ponderosa,0.8,0,0,0,0
Chamaedorea_pumila,0.8,0,0,0,0
Chamaedorea_pygmaea,0.7,0,0,0,0
Chamaedorea_queroana,1.4,0,0,0,0
Chamaedorea_radicalis,1.2,0,0,0,0
Chamaedorea_recurvata,0.775,0,0,0,0
Chamaedorea_rhizomatosa,NA,0,0,0,NA
Chamaedorea_ricardoi,2.15,0,0,0,0
Chamaedorea_rigida,0.75,0,0,0,0
Chamaedorea_robertii,0.7,0,0,0,0
Chamaedorea_rojasiana,0.8,0,0,0,0
Chamaedorea_rosibeliae,NA,0,0,0,NA
Chamaedorea_rossteniorum,1.4,0,0,0,0
Chamaedorea_sartorii,1.05,0,0,0,0
Chamaedorea_scheryi,0.6,0,0,0,0
Chamaedorea_schiedeana,0.75,0,0,0,0
Chamaedorea_schippii,0.8,0,0,0,0
Chamaedorea_seifrizii,0.8,0,0,0,0
Chamaedorea_serpens,NA,0,0,0,NA
Chamaedorea_simplex,1.05,0,0,0,0
Chamaedorea_skutchii,1,0,0,0,0
Chamaedorea_smithii,0.9,0,0,0,0
Chamaedorea_stenocarpa,0.7,0,0,0,0
Chamaedorea_stolonifera,0.8,0,0,0,0
Chamaedorea_stricta,0.8,0,0,0,0
Chamaedorea_subjectifolia,0.9,0,0,0,0
Chamaedorea_tenerrima,0.65,0,0,0,0
Chamaedorea_tepejilote,1.5,0,0,0,0
Chamaedorea_tuerckheimii,1,0,0,0,0
Chamaedorea_undulatifolia,0.8,0,0,0,0
Chamaedorea_verapazensis,1.1,0,0,0,0
Chamaedorea_verecunda,1,0,0,0,0
Chamaedorea_volcanensis,1.2,0,0,0,0
Chamaedorea_vulgata,0.85,0,0,0,0
Chamaedorea_warscewiczii,1.3,0,0,0,0
Chamaedorea_whitelockiana,0.75,0,0,0,0
Chamaedorea_woodsoniana,2,0,0,0,0
Chamaedorea_zamorae,1.25,0,0,0,0
Chamaerops_humilis,1.3,1,1,0,0
Chambeyronia_lepidota,3,0,0,0,0
Chambeyronia_macrocarpa,4.5,0,0,0,1
Chelyocarpus_chuco,1.75,0,0,0,0
Chelyocarpus_dianeurus,1.85,0,0,0,0
Chelyocarpus_repens,2.5,0,0,0,0
Chelyocarpus_ulei,1.85,0,0,0,0
Chuniophoenix_hainanensis,2.5,0,0,0,0
Chuniophoenix_humilis,1.6,0,0,0,0
Chuniophoenix_nana,1.6,0,0,0,0
Clinosperma_bracteale,1,0,0,0,0
Clinosperma_lanuginosa,2.25,0,0,0,0
Clinosperma_macrocarpa,3.75,0,0,0,0
Clinosperma_vaginata,1.6,0,0,0,0
Clinostigma_carolinense,NA,0,0,0,NA
Clinostigma_collegarum,1.2,0,0,0,0
Clinostigma_exorrhizum,0.5,0,0,0,0
Clinostigma_gronophyllum,0.85,0,0,0,0
Clinostigma_haerestigma,NA,0,0,0,NA
Clinostigma_harlandii,0.75,0,0,0,0
Clinostigma_onchorhynchum,1.5,0,0,0,0
Clinostigma_ponapense,2.2,0,0,0,0
Clinostigma_samoense,1.35,0,0,0,0
Clinostigma_savoryanum,1.5,0,0,0,0
Clinostigma_warburgii,NA,0,0,0,NA
Coccothrinax_acunana,NA,0,NA,0,NA
Coccothrinax_alexandri,NA,0,NA,0,NA
Coccothrinax_alta,NA,0,NA,0,NA
Coccothrinax_argentata,1.1,0,0,0,0
Coccothrinax_argentea,1.2,0,0,0,0
Coccothrinax_baracoensis,NA,0,NA,0,NA
Coccothrinax_barbadensis,0.9,0,0,0,0
Coccothrinax_bermudezii,NA,0,NA,0,NA
Coccothrinax_borhidiana,0.8,0,0,0,0
Coccothrinax_boschiana,NA,0,NA,0,NA
Coccothrinax_camagueyana,NA,0,NA,0,NA
Coccothrinax_clarensis,NA,0,NA,0,NA
Coccothrinax_concolor,NA,0,NA,0,NA
Coccothrinax_crinita,1.35,0,0,0,0
Coccothrinax_cupularis,NA,0,NA,0,NA
Coccothrinax_ekmanii,0.55,1,1,0,0
Coccothrinax_elegans,NA,0,NA,0,NA
Coccothrinax_fagildei,NA,0,NA,0,NA
Coccothrinax_fragrans,0.55,0,0,0,0
Coccothrinax_garciana,NA,0,NA,0,NA
Coccothrinax_gracilis,0.7,0,0,0,0
Coccothrinax_guantanamensis,NA,0,NA,0,NA
Coccothrinax_gundlachii,1.15,1,1,0,0
Coccothrinax_hioramii,1,0,0,0,0
Coccothrinax_inaguensis,1.25,0,0,0,0
Coccothrinax_jamaicensis,1.3,0,NA,0,0
Coccothrinax_leonis,NA,0,NA,0,NA
Coccothrinax_litoralis,0.66,0,NA,0,0
Coccothrinax_macroglossa,NA,0,NA,0,NA
Coccothrinax_microphylla,NA,0,NA,0,NA
Coccothrinax_miraguama,1.27,0,0,0,0
Coccothrinax_moaensis,NA,0,NA,0,NA
Coccothrinax_montana,NA,0,NA,0,NA
Coccothrinax_munizii,NA,0,NA,0,NA
Coccothrinax_muricata,NA,0,NA,0,NA
Coccothrinax_nipensis,NA,0,NA,0,NA
Coccothrinax_orientalis,NA,0,NA,0,NA
Coccothrinax_pauciramosa,0.95,1,1,0,0
Coccothrinax_proctorii,1,0,NA,0,0
Coccothrinax_pseudorigida,NA,0,NA,0,NA
Coccothrinax_pumila,NA,0,NA,0,NA
Coccothrinax_readii,0.915,0,NA,0,0
Coccothrinax_rigida,0.7,0,0,0,0
Coccothrinax_salvatoris,0.65,1,1,0,0
Coccothrinax_saxicola,NA,0,NA,0,NA
Coccothrinax_scoparia,NA,0,NA,0,NA
Coccothrinax_spissa,1.15,0,0,0,0
Coccothrinax_torrida,6.3,0,NA,0,1
Coccothrinax_trinitensis,NA,0,NA,0,NA
Coccothrinax_victorini,NA,0,NA,0,NA
Coccothrinax_yunquensis,NA,0,NA,0,NA
Coccothrinax_yuraguana,NA,0,NA,0,NA
Cocos_nucifera,22.5,0,0,0,1
Colpothrinax_aphanopetala,1.85,0,0,0,0
Colpothrinax_cookii,1.75,0,0,0,0
Colpothrinax_wrightii,1.25,0,0,0,0
Copernicia_alba,1.5,0,0,0,0
Copernicia_baileyana,2.05,0,0,0,0
Copernicia_berteroana,2,0,0,0,0
Copernicia_brittonorum,1.35,0,0,0,0
Copernicia_burretiana,NA,0,NA,0,NA
Copernicia_cowellii,1.5,0,0,0,0
Copernicia_curbeloi,1.8,0,NA,0,0
Copernicia_curtissii,NA,1,1,0,NA
Copernicia_ekmanii,2,1,1,0,0
Copernicia_fallaensis,NA,0,NA,0,NA
Copernicia_gigas,2.1,1,1,0,0
Copernicia_glabrescens,1.85,0,0,0,0
Copernicia_hospita,1.85,1,1,0,0
Copernicia_humicola,NA,0,NA,0,NA
Copernicia_longiglossa,NA,0,NA,0,NA
Copernicia_macroglossa,1.75,1,1,0,0
Copernicia_molineti,NA,0,NA,0,NA
Copernicia_occidentalis,NA,0,NA,0,NA
Copernicia_oxycalyx,NA,0,NA,0,NA
Copernicia_prunifera,2.7,1,1,0,0
Copernicia_rigida,1.8,1,1,0,0
Copernicia_roigii,NA,0,NA,0,NA
Copernicia_shaferi,NA,0,NA,0,NA
Copernicia_sueroana,NA,0,NA,0,NA
Copernicia_tectorum,2.75,0,0,0,0
Copernicia_textilis,NA,0,NA,0,NA
Copernicia_vespertilionum,NA,0,NA,0,NA
Copernicia_yarey,NA,0,NA,0,NA
Corypha_lecomtei,7.5,1,1,0,1
Corypha_microclada,NA,1,1,0,NA
Corypha_taliera,4,1,1,0,1
Corypha_umbraculifera,4,1,1,0,1
Corypha_utan,2.5,1,1,0,0
Cryosophila_bartlettii,NA,1,0,1,NA
Cryosophila_cookii,2,1,0,1,0
Cryosophila_grayumii,1.6,1,0,1,0
Cryosophila_guagara,1.65,1,0,1,0
Cryosophila_kalbreyeri,1.55,1,0,1,0
Cryosophila_macrocarpa,3.35,1,0,1,0
Cryosophila_nana,1.55,1,0,1,0
Cryosophila_stauracantha,1.25,1,0,1,0
Cryosophila_warscewiczii,2.3,1,0,1,0
Cryosophila_williamsii,1.55,1,0,1,0
Cyphokentia_cerifera,1.2,0,0,0,0
Cyphokentia_macrostachya,1.25,0,0,0,0
Cyphophoenix_alba,1.6,0,0,0,0
Cyphophoenix_elegans,1.95,0,0,0,0
Cyphophoenix_fulcita,2.3,0,0,0,0
Cyphophoenix_nucele,2.1,0,0,0,0
Cyphosperma_balansae,1.25,0,0,0,0
Cyphosperma_naboutinense,1.3,0,0,0,0
Cyphosperma_tanga,0.9,0,0,0,0
Cyphosperma_trichospadix,1.85,0,0,0,0
Cyphosperma_voutmelense,2.3,0,0,0,0
Cyrtostachys_bakeri,1.35,0,0,0,0
Cyrtostachys_barbata,1.2,0,0,0,0
Cyrtostachys_elegans,1.45,0,0,0,0
Cyrtostachys_excelsa,NA,0,0,0,NA
Cyrtostachys_glauca,1,0,0,0,0
Cyrtostachys_loriae,1.2,0,0,0,0
Cyrtostachys_renda,0.9,0,0,0,0
Daemonorops_acamptostachys,0.8,1,1,1,0
Daemonorops_acehensis,2.2,1,1,NA,0
Daemonorops_affinis,NA,1,1,NA,NA
Daemonorops_angustifolia,1.8,1,1,0,0
Daemonorops_aruensis,NA,1,1,NA,NA
Daemonorops_asteracantha,1,1,1,1,0
Daemonorops_atra,1.55,1,1,1,0
Daemonorops_aurea,1.5,1,1,0,0
Daemonorops_banggiensis,1,1,1,1,0
Daemonorops_beguinii,1.6,1,1,0,0
Daemonorops_binnendijkii,1.3,1,1,NA,0
Daemonorops_brachystachys,2.5,1,1,1,0
Daemonorops_brevicaulis,3.5,1,1,NA,0
Daemonorops_calapparia,1.72,1,1,NA,0
Daemonorops_calicarpa,1.7,1,1,0,0
Daemonorops_clemensiana,NA,1,1,NA,NA
Daemonorops_collarifera,1.675,1,1,1,0
Daemonorops_confusa,1.6,1,1,NA,0
Daemonorops_crinita,1.4,1,1,1,0
Daemonorops_cristata,1.8,1,1,1,0
Daemonorops_curranii,1.3,1,1,0,0
Daemonorops_depressiuscula,1.225,1,1,1,0
Daemonorops_didymophylla,2.5,1,1,0,0
Daemonorops_draco,2.5,1,1,1,0
Daemonorops_dracunculus,NA,1,1,NA,NA
Daemonorops_dransfieldii,2.5,1,1,NA,0
Daemonorops_elongata,0.75,1,1,1,0
Daemonorops_fissa,1.7,1,1,1,0
Daemonorops_fissilis,NA,1,1,0,NA
Daemonorops_forbesii,1.85,1,1,1,0
Daemonorops_formicaria,1.15,1,1,1,0
Daemonorops_geniculata,2.2,1,1,0,0
Daemonorops_gracilipes,NA,1,1,1,NA
Daemonorops_gracilis,0.65,1,1,1,0
Daemonorops_grandis,2.5,1,1,0,0
Daemonorops_hirsuta,1.5,1,1,1,0
Daemonorops_horrida,NA,1,1,NA,NA
Daemonorops_ingens,4.5,1,1,1,1
Daemonorops_jenkinsiana,2,1,1,0,0
Daemonorops_korthalsii,1.5,1,1,1,0
Daemonorops_kunstleri,1.8,1,1,0,0
Daemonorops_kurziana,2,1,1,0,0
Daemonorops_lamprolepis,NA,1,1,NA,NA
Daemonorops_leptopus,1.8,1,1,0,0
Daemonorops_lewisiana,2,1,1,0,0
Daemonorops_loheriana,NA,1,1,1,NA
Daemonorops_longipes,2.4,1,1,1,0
Daemonorops_longispatha,1.3,1,1,1,0
Daemonorops_longispinosa,NA,1,1,NA,NA
Daemonorops_longistipes,1.5,1,1,1,0
Daemonorops_macrophylla,2.1,1,1,0,0
Daemonorops_macroptera,1.5,1,1,1,0
Daemonorops_maculata,2,1,1,1,0
Daemonorops_manii,1,1,1,0,0
Daemonorops_megalocarpa,NA,1,1,NA,NA
Daemonorops_melanochaetes,1.35,1,1,0,0
Daemonorops_micracantha,2.25,1,1,1,0
Daemonorops_microcarpa,NA,1,1,NA,NA
Daemonorops_microstachys,1,1,1,1,0
Daemonorops_mirabilis,NA,1,1,NA,NA
Daemonorops_mogeana,2,1,1,NA,0
Daemonorops_mollis,1.1,1,1,1,0
Daemonorops_mollispina,1.5,1,1,0,0
Daemonorops_monticola,1.5,1,1,0,0
Daemonorops_nigra,NA,1,1,NA,NA
Daemonorops_nuichuaensis,2,1,1,NA,0
Daemonorops_oblata,2,1,1,1,0
Daemonorops_oblonga,2.1,1,1,0,0
Daemonorops_ochrolepis,1.6,1,1,1,0
Daemonorops_ocreata,1.7,1,1,NA,0
Daemonorops_oligolepis,2,1,1,NA,0
Daemonorops_oligophylla,NA,1,1,1,NA
Daemonorops_oxycarpa,1.5,1,1,1,0
Daemonorops_pachyrostris,NA,1,1,NA,NA
Daemonorops_palembanica,NA,1,1,NA,NA
Daemonorops_pannosa,1.45,1,1,NA,0
Daemonorops_pedicellaris,1.1,1,1,NA,0
Daemonorops_periacantha,2.2,1,1,1,0
Daemonorops_plagiocycla,NA,1,1,NA,NA
Daemonorops_poilanei,2.5,1,1,0,0
Daemonorops_polita,1.2,1,1,1,0
Daemonorops_pumila,NA,1,1,NA,NA
Daemonorops_rarispinosa,1.3,1,1,0,0
Daemonorops_riedeliana,NA,1,1,1,NA
Daemonorops_robusta,1.9,1,1,1,0
Daemonorops_rubra,2.5,1,1,1,0
Daemonorops_ruptilis,2.2,1,1,1,0
Daemonorops_sabut,1.6,1,1,0,0
Daemonorops_sarasinorum,1.6,1,1,1,0
Daemonorops_scapigera,2.6,1,1,1,0
Daemonorops_schlechteri,NA,1,1,NA,NA
Daemonorops_sekundurensis,1.5,1,1,NA,0
Daemonorops_sepal,3,1,1,0,0
Daemonorops_serpentina,2.5,1,1,1,0
Daemonorops_siberutensis,2,1,1,NA,0
Daemonorops_singalana,1.6,1,1,1,0
Daemonorops_sparsiflora,1.1,1,1,1,0
Daemonorops_spectabilis,3.5,1,1,1,0
Daemonorops_stenophylla,2.6,1,1,1,0
Daemonorops_takanensis,NA,1,1,NA,NA
Daemonorops_trichroa,1.3,1,1,1,0
Daemonorops_unijuga,3,1,1,1,0
Daemonorops_urdanetana,1.4,1,1,1,0
Daemonorops_uschdraweitiana,NA,1,1,1,NA
Daemonorops_verticillaris,1.5,1,1,0,0
Daemonorops_wrightmyoensis,1.5,1,1,0,0
Deckenia_nobilis,1.2,1,1,1,0
Desmoncus_chinantlensis,1.52,1,1,0,0
Desmoncus_cirrhifer,1.823,1,1,0,0
Desmoncus_costaricensis,1.38,1,1,0,0
Desmoncus_giganteus,3.62,1,1,0,0
Desmoncus_horridus,1.54,1,1,0,0
Desmoncus_interjectus,1.4175,1,1,0,0
Desmoncus_kunarius,2.513333333,1,1,0,0
Desmoncus_latisectus,1.13,1,1,0,0
Desmoncus_leptoclonos,1.225,1,1,0,0
Desmoncus_loretanus,1.30375,1,1,0,0
Desmoncus_madrensis,1.04,1,1,0,0
Desmoncus_mitis,1.23,1,1,0,0
Desmoncus_moorei,1.263,1,1,0,0
Desmoncus_myriacanthos,1.512941176,1,1,0,0
Desmoncus_obovoideus,1.58,1,1,0,0
Desmoncus_orthacanthos,1.49,1,1,0,0
Desmoncus_osensis,1.512,1,1,0,0
Desmoncus_parvulus,1.107142857,1,1,0,0
Desmoncus_polyacanthos,1.694362745,1,1,0,0
Desmoncus_prunifer,NA,1,1,0,NA
Desmoncus_pumilus,1.002,1,1,0,0
Desmoncus_setosus,1.193333333,1,1,0,0
Desmoncus_stans,1.33,1,1,0,0
Desmoncus_vacivus,2.092352941,1,1,0,0
Dictyocaryum_fuscum,3.25,0,0,0,0
Dictyocaryum_lamarckianum,2.65,1,0,1,0
Dictyocaryum_ptarianum,3.25,0,0,0,0
Dictyosperma_album,1.25,0,0,0,0
Dransfieldia_micrantha,1.545,0,0,0,0
Drymophloeus_litigiosus,1.7,0,0,0,0
Drymophloeus_oliviformis,1.7,0,0,0,0
Drymophloeus_whitmeeanus,3.7,0,0,0,0
Dypsis_acaulis,2,0,0,0,0
Dypsis_acuminum,0.95,0,0,0,0
Dypsis_albofarinosa,2,0,0,0,0
Dypsis_ambanjae,1.25,0,0,0,0
Dypsis_ambilaensis,1.25,0,0,0,0
Dypsis_ambositrae,1.4,0,0,0,0
Dypsis_andapae,1.2,0,0,0,0
Dypsis_andilamenensis,0.8,0,0,0,0
Dypsis_andrianatonga,1.45,0,0,0,0
Dypsis_angusta,NA,0,0,0,NA
Dypsis_angustifolia,1.4,0,0,0,0
Dypsis_anjae,0.535,0,0,0,0
Dypsis_ankaizinensis,1.5,0,0,0,0
Dypsis_ankirindro,1,0,0,0,0
Dypsis_antanambensis,2,0,0,0,0
Dypsis_aquatilis,NA,0,0,0,NA
Dypsis_arenarum,1.1,0,0,0,0
Dypsis_baronii,1.5,0,0,0,0
Dypsis_basilonga,2,0,0,0,0
Dypsis_beentjei,1.8,0,0,0,0
Dypsis_bejofo,2.5,0,0,0,0
Dypsis_bernieriana,0.95,0,0,0,0
Dypsis_betamponensis,1.5,0,0,0,0
Dypsis_betsimisarakae,0.9,0,0,0,0
Dypsis_boiviniana,1,0,0,0,0
Dypsis_bonsai,0.85,0,0,0,0
Dypsis_bosseri,NA,0,0,0,NA
Dypsis_brevicaulis,NA,0,0,0,NA
Dypsis_brittiana,NA,0,0,0,NA
Dypsis_cabadae,1.05,0,0,0,0
Dypsis_canaliculata,2.75,0,0,0,0
Dypsis_canescens,NA,0,0,0,NA
Dypsis_carlsmithii,1.6,0,0,0,0
Dypsis_catatiana,1.25,0,0,0,0
Dypsis_caudata,0.95,0,0,0,0
Dypsis_ceracea,1.8,0,0,0,0
Dypsis_commersoniana,0.9,0,0,0,0
Dypsis_concinna,1.1,0,0,0,0
Dypsis_confusa,0.8,0,0,0,0
Dypsis_cookei,NA,0,0,0,NA
Dypsis_coriacea,1.3,0,0,0,0
Dypsis_corniculata,1.1,0,0,0,0
Dypsis_coursii,2.75,0,0,0,0
Dypsis_crinita,2.2,0,0,0,0
Dypsis_culminis,NA,0,0,0,NA
Dypsis_curtisii,NA,0,0,0,NA
Dypsis_decaryi,1.85,0,0,0,0
Dypsis_decipiens,2.35,0,0,0,0
Dypsis_delicatula,NA,0,0,0,NA
Dypsis_digitata,1.2,0,0,0,0
Dypsis_dracaenoides,NA,0,0,0,NA
Dypsis_dransfieldii,1.75,0,0,0,0
Dypsis_elegans,NA,0,0,0,NA
Dypsis_eriostachys,1.6,0,0,0,0
Dypsis_faneva,NA,0,0,0,NA
Dypsis_fanjana,0.8,0,0,0,0
Dypsis_fasciculata,1.4,0,0,0,0
Dypsis_fibrosa,2.5,0,0,0,0
Dypsis_forficifolia,1.5,0,0,0,0
Dypsis_furcata,1,0,0,0,0
Dypsis_gautieri,NA,0,0,0,NA
Dypsis_glabrescens,1.65,0,0,0,0
Dypsis_gronophyllum,NA,0,0,0,NA
Dypsis_henrici,0.9,0,0,0,0
Dypsis_heteromorpha,2,0,0,0,0
Dypsis_heterophylla,0.565,0,0,0,0
Dypsis_hiarakae,0.95,0,0,0,0
Dypsis_hildebrandtii,1,0,0,0,0
Dypsis_hovomantsina,1,0,0,0,0
Dypsis_humbertii,1.1,0,0,0,0
Dypsis_humblotiana,NA,0,0,0,NA
Dypsis_humilis,1.8,0,0,0,0
Dypsis_ifanadianae,0.8,0,0,0,0
Dypsis_integra,NA,0,0,0,NA
Dypsis_intermedia,NA,0,0,0,NA
Dypsis_interrupta,NA,0,0,0,NA
Dypsis_jeremiei,1.05,0,0,0,0
Dypsis_jumelleana,1.05,0,0,0,0
Dypsis_laevis,0.6,0,0,0,0
Dypsis_lanceolata,1.5,0,0,0,0
Dypsis_lantzeana,1,0,0,0,0
Dypsis_lanuginosa,NA,0,0,0,NA
Dypsis_lastelliana,2.1,0,0,0,0
Dypsis_leptocheilos,1.1,0,0,0,0
Dypsis_ligulata,1.4,0,0,0,0
Dypsis_linearis,0.75,0,0,0,0
Dypsis_lokohoensis,NA,0,0,0,NA
Dypsis_louvelii,1.4,0,0,0,0
Dypsis_lucens,NA,0,0,0,NA
Dypsis_lutea,NA,0,0,0,NA
Dypsis_lutescens,1.5,0,0,0,0
Dypsis_madagascariensis,1.3,0,0,0,0
Dypsis_mahia,NA,0,0,0,NA
Dypsis_makirae,1.05,0,0,0,0
Dypsis_malcomberi,0.9,0,0,0,0
Dypsis_mananjarensis,0.5,0,0,0,0
Dypsis_mangorensis,NA,0,0,0,NA
Dypsis_marojejyi,2.35,0,0,0,0
Dypsis_mcdonaldiana,0.75,0,0,0,0
Dypsis_metallica,NA,0,0,0,NA
Dypsis_minuta,1.45,0,0,0,0
Dypsis_mirabilis,0.95,0,0,0,0
Dypsis_mocquerysiana,1.3,0,0,0,0
Dypsis_monostachya,NA,0,0,0,NA
Dypsis_montana,NA,0,0,0,NA
Dypsis_moorei,2.5,0,0,0,0
Dypsis_nauseosa,1.55,0,0,0,0
Dypsis_nodifera,0.9,0,0,0,0
Dypsis_nossibensis,1.3,0,0,0,0
Dypsis_occidentalis,0.95,0,0,0,0
Dypsis_onilahensis,1.4,0,0,0,0
Dypsis_oreophila,0.8,0,0,0,0
Dypsis_oropedionis,NA,0,0,0,NA
Dypsis_ovobontsira,1.6,0,0,0,0
Dypsis_pachyramea,1.7,0,0,0,0
Dypsis_paludosa,1.8,0,0,0,0
Dypsis_pembana,1.35,0,0,0,0
Dypsis_perrieri,1.7,0,0,0,0
Dypsis_pervillei,NA,0,0,0,NA
Dypsis_pilulifera,0.6,0,0,0,0
Dypsis_pinnatifrons,1.4,0,0,0,0
Dypsis_plumosa,NA,0,0,0,NA
Dypsis_plurisecta,NA,0,0,0,NA
Dypsis_poivreana,NA,0,0,0,NA
Dypsis_prestoniana,1.35,0,0,0,0
Dypsis_procera,0.3,0,0,0,0
Dypsis_procumbens,0.75,0,0,0,0
Dypsis_psammophila,0.95,0,0,0,0
Dypsis_pulchella,0.65,0,0,0,0
Dypsis_pumila,2.15,0,0,0,0
Dypsis_pusilla,1.6,0,0,0,0
Dypsis_rakotonasoloi,NA,0,0,0,NA
Dypsis_ramentacea,1.3,0,0,0,0
Dypsis_reflexa,NA,0,0,0,NA
Dypsis_remotiflora,0.95,0,0,0,0
Dypsis_rivularis,1.3,0,0,0,0
Dypsis_robusta,1.4,0,0,0,0
Dypsis_sahanofensis,NA,0,0,0,NA
Dypsis_saintelucei,NA,0,0,0,NA
Dypsis_sancta,NA,0,0,0,NA
Dypsis_sanctaemariae,NA,0,0,0,NA
Dypsis_scandens,0.8,0,0,0,0
Dypsis_schatzii,1.35,0,0,0,0
Dypsis_scottiana,0.85,0,0,0,0
Dypsis_serpentina,1.3,0,0,0,0
Dypsis_simianensis,1.5,0,0,0,0
Dypsis_singularis,NA,0,0,0,NA
Dypsis_soanieranae,NA,0,0,0,NA
Dypsis_spicata,0.95,0,0,0,0
Dypsis_tanalensis,1.15,0,0,0,0
Dypsis_tenuissima,0.975,0,0,0,0
Dypsis_thermarum,1.1,0,0,0,0
Dypsis_thiryana,1,0,0,0,0
Dypsis_thouarsiana,NA,0,0,0,NA
Dypsis_tokoravina,1.75,0,0,0,0
Dypsis_trapezoidea,1.8,0,0,0,0
Dypsis_tsaratananensis,1.35,0,0,0,0
Dypsis_tsaravoasira,0.525,0,0,0,0
Dypsis_turkii,1.4,0,0,0,0
Dypsis_utilis,2.25,0,0,0,0
Dypsis_viridis,1,0,0,0,0
Dypsis_vonitrandambo,0.6,0,0,0,0
Elaeis_guineensis,4.25,1,1,0,1
Elaeis_oleifera,2.75,1,1,0,0
Eleiodoxa_conferta,2.5,1,1,0,0
Eremospatha_barendii,2.55,1,1,0,0
Eremospatha_cabrae,2.75,1,1,0,0
Eremospatha_cuspidata,2.2,1,1,0,0
Eremospatha_dransfieldii,NA,1,1,0,NA
Eremospatha_haullevilleana,2.75,1,1,0,0
Eremospatha_hookeri,2.5,1,1,0,0
Eremospatha_laurentii,1.75,1,1,0,0
Eremospatha_macrocarpa,2.85,1,1,0,0
Eremospatha_quinquecostulata,NA,1,1,0,NA
Eremospatha_tessmanniana,NA,1,1,0,NA
Eremospatha_wendlandiana,3,1,1,0,0
Eugeissona_ambigua,NA,1,1,NA,NA
Eugeissona_brachystachys,5,1,1,1,1
Eugeissona_insignis,9,1,1,1,1
Eugeissona_minor,5.5,1,1,0,1
Eugeissona_tristis,8,1,1,0,1
Eugeissona_utilis,7,1,1,1,1
Euterpe_broadwayi,1.2,0,0,0,0
Euterpe_catinga,1.05,0,0,0,0
Euterpe_edulis,1.2,0,0,0,0
Euterpe_longibracteata,1.1,0,0,0,0
Euterpe_luminosa,2,0,0,0,0
Euterpe_oleracea,1.5,0,0,0,0
Euterpe_precatoria,1.1,0,0,0,0
Gaussia_attenuata,1.5,0,0,0,0
Gaussia_gomez-pompae,1.55,0,0,0,0
Gaussia_maya,1.25,0,0,0,0
Gaussia_princeps,1,0,0,0,0
Gaussia_spirituana,1,0,0,0,0
Geonoma_aspidiifolia,0.95,0,0,0,0
Geonoma_baculifera,1.06,0,0,0,0
Geonoma_bernalii,0.61,0,0,0,0
Geonoma_braunii,0.74,0,0,0,0
Geonoma_brenesii,0.73,0,0,0,0
Geonoma_brongniartii,0.68,0,0,0,0
Geonoma_calyptrogynoidea,1.32,0,0,0,0
Geonoma_camana,1.07,0,0,0,0
Geonoma_chlamydostachys,1.23,0,0,0,0
Geonoma_chococola,1.89,0,0,0,0
Geonoma_concinna,0.77,0,0,0,0
Geonoma_concinnoidea,0.73,0,0,0,0
Geonoma_congesta,1.24,0,0,0,0
Geonoma_cuneata,0.76,0,0,0,0
Geonoma_deneversii,NA,0,0,0,NA
Geonoma_deversa,0.66,0,0,0,0
Geonoma_dindoensis,NA,0,0,0,NA
Geonoma_divisa,0.73,0,0,0,0
Geonoma_elegans,0.95,0,0,0,0
Geonoma_epetiolata,0.86,0,0,0,0
Geonoma_euspatha,0.63,0,0,0,0
Geonoma_ferruginea,0.69,0,0,0,0
Geonoma_fosteri,NA,0,0,0,NA
Geonoma_frontinensis,0.67,0,0,0,0
Geonoma_galeanoae,NA,0,0,0,NA
Geonoma_gentryi,0.86,0,0,0,0
Geonoma_hollinensis,0.68,0,0,0,0
Geonoma_hugonis,0.62,0,0,0,0
Geonoma_interrupta,0.58,0,0,0,0
Geonoma_lanata,0.78,0,0,0,0
Geonoma_laxiflora,0.78,0,0,0,0
Geonoma_lehmannii,0.875,0,0,0,0
Geonoma_leptospadix,0.8,0,0,0,0
Geonoma_longipedunculata,0.6,0,0,0,0
Geonoma_longivaginata,0.65,0,0,0,0
Geonoma_macrostachys,0.821714286,0,0,0,0
Geonoma_maxima,1.113070866,0,0,0,0
Geonoma_monospatha,0.67,0,0,0,0
Geonoma_mooreana,0.56,0,0,0,0
Geonoma_multisecta,1.12,0,0,0,0
Geonoma_occidentalis,0.735,0,0,0,0
Geonoma_oldemanii,1.62,0,0,0,0
Geonoma_oligoclona,0.6625,0,0,0,0
Geonoma_operculata,0.75,0,0,0,0
Geonoma_orbignyana,0.7,0,0,0,0
Geonoma_paradoxa,0.79375,0,0,0,0
Geonoma_pauciflora,0.96,0,0,0,0
Geonoma_peruviana,0.54,0,0,0,0
Geonoma_pinnatifrons,0.645,0,0,0,0
Geonoma_poeppigiana,0.72,0,0,0,0
Geonoma_pohliana,1.06462766,0,0,0,0
Geonoma_poiteauana,0.895,0,0,0,0
Geonoma_sanmartinensis,NA,0,0,0,NA
Geonoma_santanderensis,0.85,0,0,0,0
Geonoma_schizocarpa,1.4,0,0,0,0
Geonoma_schottiana,0.93,0,0,0,0
Geonoma_scoparia,0.6,0,0,0,0
Geonoma_simplicifrons,0.59,0,0,0,0
Geonoma_spinescens,0.71,0,0,0,0
Geonoma_stricta,0.86,0,0,0,0
Geonoma_talamancana,0.73,0,0,0,0
Geonoma_tenuissima,0.53,0,0,0,0
Geonoma_triandra,0.691428572,0,0,0,0
Geonoma_triglochin,1.297,0,0,0,0
Geonoma_trigona,0.9,0,0,0,0
Geonoma_umbraculiformis,1.26,0,0,0,0
Geonoma_undata,0.95,0,0,0,0
Geonoma_venosa,0.81,0,0,0,0
Guihaia_argyrata,0.6,0,0,0,0
Guihaia_grossifibrosa,1,0,0,0,0
Hedyscepe_canterburyana,4,0,0,0,1
Hemithrinax_compacta,0.9,0,0,0,0
Hemithrinax_ekmaniana,NA,0,0,0,NA
Hemithrinax_rivularis,NA,0,0,0,NA
Heterospathe_annectens,1.8,0,0,0,0
Heterospathe_arfakiana,NA,0,0,0,NA
Heterospathe_barfodii,1,0,0,0,0
Heterospathe_brevicaulis,0.8,0,0,0,0
Heterospathe_cagayanensis,0.8,0,0,0,0
Heterospathe_califrons,1.6,0,0,0,0
Heterospathe_clemensiae,NA,0,0,0,NA
Heterospathe_compsoclada,NA,0,0,0,NA
Heterospathe_delicatula,NA,0,0,0,NA
Heterospathe_dransfieldii,0.7,0,0,0,0
Heterospathe_elata,1.125,0,0,0,0
Heterospathe_elegans,1.25,0,0,0,0
Heterospathe_elmeri,1.2,0,0,0,0
Heterospathe_glabra,NA,0,0,0,NA
Heterospathe_glauca,NA,0,0,0,NA
Heterospathe_intermedia,1.1,0,0,0,0
Heterospathe_kajewskii,1.5,0,0,0,0
Heterospathe_ledermanniana,NA,0,0,0,NA
Heterospathe_lepidota,1.6,0,0,0,0
Heterospathe_longipes,2.5,0,0,0,0
Heterospathe_macgregorii,NA,0,0,0,NA
Heterospathe_minor,1.05,0,0,0,0
Heterospathe_muelleriana,0.5,0,0,0,0
Heterospathe_negrosensis,1.05,0,0,0,0
Heterospathe_obriensis,3.25,0,0,0,0
Heterospathe_parviflora,0.95,0,0,0,0
Heterospathe_philippinensis,1,0,0,0,0
Heterospathe_phillipsii,1.3,0,0,0,0
Heterospathe_pilosa,NA,0,0,0,NA
Heterospathe_porcata,2,0,0,0,0
Heterospathe_pulchra,0.9,0,0,0,0
Heterospathe_pullenii,1.7,0,0,0,0
Heterospathe_ramulosa,NA,0,0,0,NA
Heterospathe_salomonensis,0.6,0,0,0,0
Heterospathe_scitula,0.8,0,0,0,0
Heterospathe_sensisi,1.225,0,0,0,0
Heterospathe_sibuyanensis,1,0,0,0,0
Heterospathe_sphaerocarpa,0.8,0,0,0,0
Heterospathe_trispatha,1.2,0,0,0,0
Heterospathe_uniformis,2.2,0,0,0,0
Heterospathe_woodfordiana,1.3,0,0,0,0
Howea_belmoreana,3.5,0,0,0,0
Howea_forsteriana,4,0,0,0,1
Hydriastele_affinis,NA,0,0,0,NA
Hydriastele_aprica,0.8,0,0,0,0
Hydriastele_beccariana,0.9,0,0,0,0
Hydriastele_beguinii,1.5,0,0,0,0
Hydriastele_biakensis,1.075,0,0,0,0
Hydriastele_boumae,1.2,0,0,0,0
Hydriastele_brassii,0.975,0,0,0,0
Hydriastele_cariosa,NA,0,0,0,NA
Hydriastele_carrii,NA,0,0,0,NA
Hydriastele_chaunostachys,1.5,0,0,0,0
Hydriastele_costata,0.85,0,0,0,0
Hydriastele_cyclopensis,NA,0,0,0,NA
Hydriastele_cylindrocarpa,1.25,0,0,0,0
Hydriastele_dransfieldii,1.8,0,0,0,0
Hydriastele_flabellata,1.35,0,0,0,0
Hydriastele_geelvinkiana,NA,0,0,0,NA
Hydriastele_gibbsiana,0.85,0,0,0,0
Hydriastele_gracilis,NA,0,0,0,NA
Hydriastele_hombronii,1.55,0,0,0,0
Hydriastele_kasesa,1.2,0,0,0,0
Hydriastele_kjellbergii,NA,0,0,0,NA
Hydriastele_ledermanniana,NA,0,0,0,NA
Hydriastele_lepidota,NA,0,0,0,NA
Hydriastele_longispatha,1,0,0,0,0
Hydriastele_lurida,NA,0,0,0,NA
Hydriastele_macrospadix,1.4,0,0,0,0
Hydriastele_manusii,1.15,0,0,0,0
Hydriastele_mayrii,NA,0,0,0,NA
Hydriastele_micrantha,NA,0,0,0,NA
Hydriastele_microcarpa,1,0,0,0,0
Hydriastele_microspadix,0.9,0,0,0,0
Hydriastele_moluccana,NA,0,0,0,NA
Hydriastele_montana,1.5,0,0,0,0
Hydriastele_nannostachys,NA,0,0,0,NA
Hydriastele_oxypetala,0.8,0,0,0,0
Hydriastele_palauensis,NA,0,0,0,NA
Hydriastele_pinangoides,1.3,0,0,0,0
Hydriastele_pleurocarpa,NA,0,0,0,NA
Hydriastele_procera,NA,0,0,0,NA
Hydriastele_ramsayi,1.5,0,0,0,0
Hydriastele_rheophytica,0.65,0,0,0,0
Hydriastele_rhopalocarpa,1.3,0,0,0,0
Hydriastele_rostrata,0.9,0,0,0,0
Hydriastele_sarasinorum,NA,0,0,0,NA
Hydriastele_selebica,0.8,0,0,0,0
Hydriastele_valida,1.1,0,0,0,0
Hydriastele_variabilis,1.1,0,0,0,0
Hydriastele_vitiensis,1,0,0,0,0
Hydriastele_wendlandiana,0.9,0,0,0,0
Hyophorbe_amaricaulis,3.8,0,0,0,0
Hyophorbe_indica,2.3,0,0,0,0
Hyophorbe_lagenicaulis,3.15,0,0,0,0
Hyophorbe_vaughanii,4,0,0,0,1
Hyophorbe_verschaffeltii,2,0,0,0,0
Hyospathe_elegans,1.15,0,0,0,0
Hyospathe_frontinensis,0.9,0,0,0,0
Hyospathe_macrorhachis,0.93,0,0,0,0
Hyospathe_peruviana,0.875,0,0,0,0
Hyospathe_wendlandiana,1.125,0,0,0,0
Hyphaene_compressa,8.5,1,1,0,1
Hyphaene_coriacea,4.5,1,1,0,1
Hyphaene_dichotoma,7,1,1,0,1
Hyphaene_guineensis,5.75,1,1,0,1
Hyphaene_macrosperma,7,1,1,0,1
Hyphaene_petersiana,6.5,1,1,0,1
Hyphaene_reptans,5,1,1,0,1
Hyphaene_thebaica,6,1,1,0,1
Iguanura_ambigua,0.85,0,0,0,0
Iguanura_asli,0.6,0,0,0,0
Iguanura_belumensis,NA,0,0,0,NA
Iguanura_bicornis,2,0,0,0,0
Iguanura_borneensis,1,0,0,0,0
Iguanura_cemurung,NA,0,0,0,NA
Iguanura_chaiana,NA,0,0,0,NA
Iguanura_corniculata,NA,0,0,0,NA
Iguanura_curvata,1.5,0,0,0,0
Iguanura_diffusa,NA,0,0,0,NA
Iguanura_divergens,NA,0,0,0,NA
Iguanura_elegans,0.85,0,0,0,0
Iguanura_geonomiformis,2,0,0,0,0
Iguanura_humilis,1,0,0,0,0
Iguanura_kelantanensis,NA,0,0,0,NA
Iguanura_leucocarpa,NA,0,0,0,NA
Iguanura_macrostachya,1.05,0,0,0,0
Iguanura_melinauensis,1,0,0,0,0
Iguanura_minor,0.85,0,0,0,0
Iguanura_mirabilis,NA,0,0,0,NA
Iguanura_myochodoides,1.5,0,0,0,0
Iguanura_palmuncula,1.15,0,0,0,0
Iguanura_parvula,NA,0,0,0,NA
Iguanura_perdana,NA,0,0,0,NA
Iguanura_piahensis,0.6,0,0,0,0
Iguanura_polymorpha,2,0,0,0,0
Iguanura_prolifera,0.7,0,0,0,0
Iguanura_remotiflora,NA,0,0,0,NA
Iguanura_sanderiana,1.3,0,0,0,0
Iguanura_speciosa,2,0,0,0,0
Iguanura_tenuis,1.15,0,0,0,0
Iguanura_thalangensis,1.5,0,0,0,0
Iguanura_wallichiana,2.4,0,0,0,0
Iriartea_deltoidea,2.35,0,0,0,0
Iriartella_setigera,1.55,0,0,0,0
Iriartella_stenocarpa,1.2,0,0,0,0
Itaya_amicorum,2.25,0,0,0,0
Johannesteijsmannia_altifrons,5,1,1,0,1
Johannesteijsmannia_lanceolata,3.4,1,1,0,0
Johannesteijsmannia_magnifica,3.9,1,1,0,0
Johannesteijsmannia_perakensis,NA,1,1,0,NA
Juania_australis,1.65,0,0,0,0
Jubaea_chilensis,3.75,0,0,0,0
Jubaeopsis_caffra,3,0,0,0,0
Kentiopsis_magnifica,2.2,0,0,0,0
Kentiopsis_oliviformis,1.7,0,0,0,0
Kentiopsis_piersoniorum,2,0,0,0,0
Kentiopsis_pyriformis,1.7,0,0,0,0
Kerriodoxa_elegans,4,0,0,0,1
Korthalsia_angustifolia,0.9,1,1,1,0
Korthalsia_bejaudii,1,1,1,0,0
Korthalsia_brassii,NA,1,1,NA,NA
Korthalsia_celebica,1.75,1,1,1,0
Korthalsia_cheb,1.5,1,1,1,0
Korthalsia_concolor,2,1,1,1,0
Korthalsia_debilis,0.9,1,1,0,0
Korthalsia_echinometra,2.5,1,1,1,0
Korthalsia_ferox,2,1,1,1,0
Korthalsia_flagellaris,1.85,1,1,0,0
Korthalsia_furcata,0.8,1,1,1,0
Korthalsia_furtadoana,2,1,1,1,0
Korthalsia_hispida,2.2,1,1,1,0
Korthalsia_jala,1.75,1,1,0,0
Korthalsia_junghuhnii,NA,1,1,NA,NA
Korthalsia_laciniosa,2.25,1,1,0,0
Korthalsia_lanceolata,NA,1,1,1,NA
Korthalsia_merrillii,1.3,1,1,1,0
Korthalsia_paucijuga,1,1,1,1,0
Korthalsia_rigida,1,1,1,1,0
Korthalsia_robusta,3.75,1,1,1,0
Korthalsia_rogersii,2,1,1,0,0
Korthalsia_rostrata,2,1,1,1,0
Korthalsia_scaphigeroides,NA,1,1,1,NA
Korthalsia_scortechinii,2,1,1,0,0
Korthalsia_tenuissima,1,1,1,1,0
Korthalsia_zippelii,1,1,1,0,0
Laccospadix_australasicus,1.35,0,0,0,0
Laccosperma_acutiflorum,1.9,1,1,0,0
Laccosperma_korupense,NA,1,1,0,NA
Laccosperma_laeve,1.4,1,1,0,0
Laccosperma_opacum,1.5,1,1,0,0
Laccosperma_robustum,1.35,1,1,0,0
Laccosperma_secundiflorum,2,1,1,0,0
Lanonia_acaulis,NA,1,1,0,NA
Lanonia_calciphila,1,1,1,0,0
Lanonia_centralis,0.7,1,1,0,0
Lanonia_dasyantha,1.125,1,1,0,0
Lanonia_gracilis,0.85,1,1,0,0
Lanonia_hainanensis,0.8,1,1,0,0
Lanonia_hexasepala,0.65,1,1,0,0
Lanonia_magalonii,0.85,1,1,0,0
Latania_loddigesii,7,1,1,0,1
Latania_lontaroides,4.5,1,1,0,1
Latania_verschaffeltii,4.25,0,NA,0,1
Lemurophoenix_halleuxii,5,0,0,0,1
Leopoldinia_piassaba,3.798333334,0,0,0,0
Leopoldinia_pulchra,2.84,0,0,0,0
Lepidocaryum_tenue,2.25,0,0,0,0
Lepidorrhachis_mooreana,1.2,0,0,0,0
Leucothrinax_morrisii,0.7,0,0,0,0
Licuala_acuminata,NA,0,0,0,NA
Licuala_acutifida,0.65,1,1,0,0
Licuala_adscendens,1,1,1,0,0
Licuala_ahlidurii,2,1,1,0,0
Licuala_angustiloba,NA,0,NA,0,NA
Licuala_anomala,NA,0,NA,0,NA
Licuala_aruensis,NA,0,NA,0,NA
Licuala_atrovirens,NA,1,1,0,NA
Licuala_atroviridis,NA,0,0,0,NA
Licuala_averyanovii,1,0,NA,0,0
Licuala_bachmaensis,1,1,1,0,0
Licuala_bacularia,1,0,NA,0,0
Licuala_bayana,2.5,1,1,0,0
Licuala_beccariana,2.15,1,1,0,0
Licuala_bellatula,1.1,0,0,0,0
Licuala_bidentata,1.2,1,1,0,0
Licuala_bidoupensis,1,0,0,0,0
Licuala_bifida,0.85,0,NA,0,0
Licuala_bintulensis,1,1,1,0,0
Licuala_bissula,NA,0,NA,0,NA
Licuala_borneensis,0.8,1,1,0,0
Licuala_bracteata,0.8,1,1,0,0
Licuala_brevicalyx,0.75,0,NA,0,0
Licuala_bruneiana,1.5,0,1,0,0
Licuala_burretii,0.6,1,1,0,0
Licuala_cabalionii,1,0,NA,0,0
Licuala_cameronensis,0.8,1,1,0,0
Licuala_campestris,1,1,1,0,0
Licuala_cattienensis,0.8,0,0,0,0
Licuala_celebica,0.9,1,1,0,0
Licuala_chaiana,1.2,1,1,0,0
Licuala_collina,1.75,1,1,0,0
Licuala_concinna,0.45,0,NA,0,0
Licuala_cordata,1,1,1,0,0
Licuala_corneri,0.8,1,1,0,0
Licuala_crassiflora,4,1,1,0,1
Licuala_dakrongensis,1.1,0,1,0,0
Licuala_debilis,NA,0,NA,0,NA
Licuala_densiflora,1.45,0,1,0,0
Licuala_distans,1.6,1,1,0,0
Licuala_egregia,NA,0,NA,0,NA
Licuala_elegans,NA,0,NA,0,NA
Licuala_ellipsoidalis,1.5,0,NA,0,0
Licuala_elliptica,1,0,0,0,0
Licuala_exigua,NA,1,1,0,NA
Licuala_ferruginea,1.6,1,1,0,0
Licuala_ferruginoides,1,1,1,0,0
Licuala_flammula,1,0,1,0,0
Licuala_flavida,NA,0,NA,0,NA
Licuala_flexuosa,1,1,1,0,0
Licuala_fordiana,0.8,0,0,0,0
Licuala_fractiflexa,1.15,1,1,0,0
Licuala_gjellerupii,NA,0,NA,0,NA
Licuala_glaberrima,NA,0,0,0,NA
Licuala_glabra,1.25,1,1,0,0
Licuala_graminifolia,0.9,0,0,0,0
Licuala_grandiflora,1.9,1,1,0,0
Licuala_grandis,1.5,1,1,0,0
Licuala_hallieriana,NA,0,0,0,NA
Licuala_insignis,2.65,1,1,0,0
Licuala_intermedia,0.7,1,1,0,0
Licuala_kamarudinii,0.75,1,1,0,0
Licuala_kemamanensis,1,1,1,0,0
Licuala_khoonmengii,1,1,1,0,0
Licuala_kiahii,2.5,1,1,0,0
Licuala_kingiana,NA,1,1,0,NA
Licuala_klossii,0.5,0,NA,0,0
Licuala_kuchingensis,2.2,1,1,0,0
Licuala_kunstleri,1.05,1,1,0,0
Licuala_lambii,1,1,1,0,0
Licuala_lanata,NA,1,1,0,NA
Licuala_lanuginosa,1.5,0,NA,0,0
Licuala_lauterbachii,1.1,1,1,0,0
Licuala_leopoldii,NA,0,1,0,NA
Licuala_leprosa,1,0,NA,0,0
Licuala_leptocalyx,NA,0,NA,0,NA
Licuala_leucocarpa,NA,1,1,0,NA
Licuala_linearis,0.9,0,NA,0,0
Licuala_longicalycata,1.4,1,1,0,0
Licuala_longiflora,NA,0,0,0,NA
Licuala_longipes,0.7,1,1,0,0
Licuala_longispadix,2.25,1,1,0,0
Licuala_macrantha,NA,0,NA,0,NA
Licuala_maculata,2.7,1,1,0,0
Licuala_magna,1,0,NA,0,0
Licuala_malajana,1,1,1,0,0
Licuala_manglaensis,0.8,0,0,0,0
Licuala_mattanensis,2.7,0,1,0,0
Licuala_meijeri,0.7,1,1,0,0
Licuala_merguensis,1,1,1,0,0
Licuala_micholitzii,0.9,1,1,0,0
Licuala_micrantha,1.2,0,NA,0,0
Licuala_mirabilis,1.2,1,1,0,0
Licuala_miriensis,0.9,1,1,0,0
Licuala_modesta,1,0,0,0,0
Licuala_montana,1,1,1,0,0
Licuala_moszkowskiana,NA,0,NA,0,NA
Licuala_moyseyi,1.2,0,0,0,0
Licuala_mukahensis,0.9,0,NA,0,0
Licuala_mustapana,1,0,0,0,0
Licuala_nana,NA,0,NA,0,NA
Licuala_naumoniensis,NA,0,NA,0,NA
Licuala_nauroannii,NA,0,NA,0,NA
Licuala_olivifera,2,0,NA,0,0
Licuala_oliviformis,NA,0,NA,0,NA
Licuala_oninensis,NA,0,NA,0,NA
Licuala_orbicularis,1.2,0,NA,0,0
Licuala_oryzoides,NA,1,1,0,NA
Licuala_pachycalyx,NA,0,NA,0,NA
Licuala_pahangensis,1,1,1,0,0
Licuala_palas,1,1,1,0,0
Licuala_paludosa,0.9,1,1,0,0
Licuala_parviflora,0.8,1,1,0,0
Licuala_patens,0.7,1,1,0,0
Licuala_paucisecta,0.7,0,NA,0,0
Licuala_peekelii,NA,0,NA,0,NA
Licuala_peltata,1.6,1,1,0,0
Licuala_penduliflora,0.7,1,1,0,0
Licuala_petiolulata,2.5,1,1,0,0
Licuala_pilosa,NA,1,1,0,NA
Licuala_pitta,1.8,0,0,0,0
Licuala_platydactyla,NA,0,NA,0,NA
Licuala_polyschista,NA,0,NA,0,NA
Licuala_poonsakii,1.3,0,0,0,0
Licuala_pseudovalida,1.3,1,1,0,0
Licuala_pulchella,1.2,0,NA,0,0
Licuala_pumila,0.95,1,1,0,0
Licuala_punctulata,1,0,NA,0,0
Licuala_pusilla,1,1,1,0,0
Licuala_radula,1,0,0,0,0
Licuala_ramsayi,1.15,1,1,0,0
Licuala_reptans,NA,0,NA,0,NA
Licuala_rheophytica,1.5,1,1,0,0
Licuala_ridleyana,1,1,1,0,0
Licuala_robinsoniana,0.8,0,0,0,0
Licuala_robusta,NA,0,NA,0,NA
Licuala_rubiginosa,1.5,1,1,0,0
Licuala_rumphii,1.5,1,1,0,0
Licuala_ruthiae,NA,0,NA,0,NA
Licuala_sabahana,2.2,1,1,0,0
Licuala_sallehana,1.3,1,1,0,0
Licuala_sarawakensis,1,1,1,0,0
Licuala_scortechinii,0.5,0,0,0,0
Licuala_simplex,2.1,0,NA,0,0
Licuala_spathellifera,1.3,1,1,0,0
Licuala_spectabilis,NA,0,NA,0,NA
Licuala_spicata,0.9,0,1,0,0
Licuala_spinosa,0.8,1,1,0,0
Licuala_steinii,NA,0,NA,0,NA
Licuala_stongensis,NA,0,NA,0,NA
Licuala_tanycola,1.3,1,1,0,0
Licuala_taynguyensis,1,0,0,0,0
Licuala_telifera,0.8,0,NA,0,0
Licuala_tenuissima,1,1,1,0,0
Licuala_terengganuensis,0.9,1,1,0,0
Licuala_thoana,1.1,1,1,0,0
Licuala_tiomanensis,NA,1,1,0,NA
Licuala_triphylla,0.8,1,1,0,0
Licuala_urciflora,0.9,1,1,0,0
Licuala_whitmorei,NA,0,NA,0,NA
Licuala_yiiana,NA,1,1,0,NA
Linospadix_albertisianus,1.55,0,0,0,0
Linospadix_apetiolatus,1.25,0,0,0,0
Linospadix_caninus,2.15,0,0,0,0
Linospadix_microcaryus,0.7,0,0,0,0
Linospadix_minor,1.3,0,0,0,0
Linospadix_monostachyos,1.2,0,0,0,0
Linospadix_palmerianus,1.25,0,0,0,0
Livistona_alfredii,3.25,0,0,0,0
Livistona_australis,1.7,1,1,0,0
Livistona_benthamii,1.1,1,1,0,0
Livistona_boninensis,2.45,0,NA,0,0
Livistona_carinensis,2,1,1,0,0
Livistona_chinensis,3,1,1,0,0
Livistona_concinna,1.05,1,1,0,0
Livistona_decora,1.5,1,1,0,0
Livistona_drudei,1.5,1,1,0,0
Livistona_eastonii,1.4,1,1,0,0
Livistona_endauensis,1.6,1,1,0,0
Livistona_exigua,0.8,1,1,0,0
Livistona_fulva,1.2,1,1,0,0
Livistona_halongensis,1.2,0,0,0,0
Livistona_humilis,1.5,1,1,0,0
Livistona_inermis,1.15,1,1,0,0
Livistona_jenkinsiana,2.5,0,0,0,0
Livistona_lanuginosa,3.05,1,1,0,0
Livistona_lorophylla,1.1,1,1,0,0
Livistona_mariae,1.5,1,1,0,0
Livistona_muelleri,1.1,1,1,0,0
Livistona_nasmophila,1.25,1,1,0,0
Livistona_nitida,1.5,1,1,0,0
Livistona_rigida,1.3,1,1,0,0
Livistona_saribus,2.3,0,0,0,0
Livistona_speciosa,3,0,NA,0,0
Livistona_tahanensis,1.2,0,NA,0,0
Livistona_victoriae,1.15,1,1,0,0
Lodoicea_maldivica,45,0,0,0,1
Loxococcus_rupicola,2.5,0,0,0,0
Lytocaryum_hoehnei,3.15,0,0,0,0
Lytocaryum_insigne,3.15,0,0,0,0
Lytocaryum_itapebiense,1.35,0,0,0,0
Lytocaryum_weddellianum,2,0,0,0,0
Manicaria_martiana,NA,0,0,0,NA
Manicaria_saccifera,5,0,0,0,1
Marojejya_darianii,2.25,0,0,0,0
Marojejya_insignis,1.95,0,0,0,0
Masoala_kona,3.25,0,0,0,0
Masoala_madagascariensis,2.45,0,0,0,0
Mauritia_carana,5.75,1,1,0,1
Mauritia_flexuosa,7,1,1,0,1
Mauritiella_aculeata,4.5,1,0,1,1
Mauritiella_armata,3,1,0,1,0
Mauritiella_macroclada,2.25,1,0,1,0
Mauritiella_pumila,NA,1,0,1,NA
Maxburretia_furtadoana,0.95,0,0,0,0
Maxburretia_gracilis,1,0,0,0,0
Maxburretia_rupicola,NA,0,0,0,NA
Medemia_argun,4.5,0,0,0,1
Metroxylon_amicarum,12.5,1,1,0,1
Metroxylon_paulcoxii,6.75,1,1,0,1
Metroxylon_sagu,10,1,1,0,1
Metroxylon_salomonense,9,1,1,0,1
Metroxylon_upoluense,NA,1,1,0,NA
Metroxylon_vitiense,7,1,1,0,1
Metroxylon_warburgii,9.5,1,1,0,1
Myrialepis_paradoxa,2.5,1,1,0,0
Nannorrhops_ritchieana,1.3,0,0,0,0
Nenga_banaensis,1.4,0,0,0,0
Nenga_gajah,6.5,0,0,0,1
Nenga_grandiflora,4.6,0,0,0,1
Nenga_macrocarpa,3.5,0,0,0,0
Nenga_pumila,2.5,0,0,0,0
Neonicholsonia_watsonii,0.95,0,0,0,0
Neoveitchia_brunnea,6.5,0,0,0,1
Neoveitchia_storckii,5,0,0,0,1
Nephrosperma_van-houtteanum,1.2,1,1,0,0
Normanbya_normanbyi,4.25,0,0,0,1
Nypa_fruticans,11.5,0,0,0,1
Oenocarpus_andersonii,NA,0,0,0,NA
Oenocarpus_bacaba,1.4,0,0,0,0
Oenocarpus_balickii,1.65,0,0,0,0
Oenocarpus_bataua,3.5,0,0,0,0
Oenocarpus_circumtextus,1.7,0,0,0,0
Oenocarpus_distichus,1.9,0,0,0,0
Oenocarpus_makeru,2.4,0,0,0,0
Oenocarpus_mapora,2.5,0,0,0,0
Oenocarpus_minor,1.75,0,0,0,0
Oenocarpus_simplex,2.45,0,0,0,0
Oncocalamus_djodu,1.8,1,1,0,0
Oncocalamus_macrospathus,1.9,1,1,0,0
Oncocalamus_mannii,2,1,1,0,0
Oncocalamus_tuleyi,2,1,1,0,0
Oncocalamus_wrightianus,NA,1,1,0,NA
Oncosperma_fasciculatum,1.2,1,1,1,0
Oncosperma_gracilipes,1.2,1,1,1,0
Oncosperma_horridum,1.7,1,1,1,0
Oncosperma_platyphyllum,NA,1,1,1,NA
Oncosperma_tigillarium,1.1,1,1,1,0
Orania_archboldiana,3.5,0,0,0,0
Orania_bakeri,3.85,0,0,0,0
Orania_dafonsoroensis,4.25,0,0,0,1
Orania_decipiens,3.7,0,0,0,0
Orania_deflexa,NA,0,0,0,NA
Orania_disticha,5.75,0,0,0,1
Orania_ferruginea,3.75,0,0,0,0
Orania_gagavu,0.9,0,0,0,0
Orania_glauca,4.15,0,0,0,1
Orania_grandiflora,4.9,0,0,0,1
Orania_lauterbachiana,3.75,0,0,0,0
Orania_littoralis,4.75,0,0,0,1
Orania_longisquama,4.75,0,0,0,1
Orania_longistaminodia,5.9,0,0,0,1
Orania_macropetala,6,0,0,0,1
Orania_micrantha,2.8,0,0,0,0
Orania_oreophila,3.75,0,0,0,0
Orania_palindan,5.4,0,0,0,1
Orania_paraguanensis,4.3,0,0,0,1
Orania_parva,1.3,0,0,0,0
Orania_ravaka,6.2,0,0,0,1
Orania_regalis,6.25,0,0,0,1
Orania_subdisticha,4,0,0,0,1
Orania_sylvicola,4.5,0,0,0,1
Orania_tabubilensis,2,0,0,0,0
Orania_timikae,NA,0,0,0,NA
Orania_trispatha,6.5,0,0,0,1
Orania_zonae,4,0,0,0,1
Oraniopsis_appendiculata,3.4,0,0,0,0
Parajubaea_cocoides,4.75,0,0,0,1
Parajubaea_sunkha,3.5,0,0,0,0
Parajubaea_torallyi,5.25,0,0,0,1
Pelagodoxa_henryana,12.5,0,0,0,1
Phoenicophorium_borsigianum,1.15,1,1,1,0
Phoenix_acaulis,2,1,1,0,0
Phoenix_andamanensis,1.9,1,1,0,0
Phoenix_atlantica,2,1,1,0,0
Phoenix_caespitosa,1.3,1,1,0,0
Phoenix_canariensis,1.75,1,1,0,0
Phoenix_dactylifera,7,1,1,0,1
Phoenix_loureiroi,2.15,1,1,0,0
Phoenix_paludosa,1.65,1,1,0,0
Phoenix_pusilla,1.5,1,1,0,0
Phoenix_reclinata,1.9,1,1,0,0
Phoenix_roebelenii,1.8,1,1,0,0
Phoenix_rupicola,1.9,1,1,0,0
Phoenix_sylvestris,2.5,1,1,0,0
Phoenix_theophrasti,1.5,1,1,0,0
Pholidocarpus_ihur,4,1,1,0,1
Pholidocarpus_kingianus,8,1,1,0,1
Pholidocarpus_macrocarpus,11.5,1,1,0,1
Pholidocarpus_majadum,7.75,1,1,0,1
Pholidocarpus_mucronatus,NA,1,1,0,NA
Pholidocarpus_sumatranus,7.5,1,1,0,1
Pholidostachys_amazonensis,NA,0,0,0,NA
Pholidostachys_dactyloides,1.215,0,0,0,0
Pholidostachys_kalbreyeri,2.23,0,0,0,0
Pholidostachys_occidentalis,1.7,0,0,0,0
Pholidostachys_panamensis,2.86,0,0,0,0
Pholidostachys_pulchra,2.23,0,0,0,0
Pholidostachys_sanluisensis,1.98,0,0,0,0
Pholidostachys_synanthera,1.385,0,0,0,0
Physokentia_avia,NA,0,0,0,NA
Physokentia_dennisii,1.5,0,0,0,0
Physokentia_insolita,1.2,0,0,0,0
Physokentia_petiolata,2,0,0,0,0
Physokentia_tete,2.55,0,0,0,0
Physokentia_thurstonii,2.5,0,0,0,0
Physokentia_whitmorei,2.3,0,0,0,0
Phytelephas_aequatorialis,7.5,0,0,0,1
Phytelephas_macrocarpa,13,0,0,0,1
Phytelephas_schottii,NA,0,0,0,NA
Phytelephas_seemannii,8,0,0,0,1
Phytelephas_tenuicaulis,7.5,0,0,0,1
Phytelephas_tumacana,7.5,0,0,0,1
Pigafetta_elata,0.9,1,1,0,0
Pigafetta_filaris,1,1,1,0,0
Pinanga_acaulis,1.2,0,0,0,0
Pinanga_acuminata,1.5,0,0,0,0
Pinanga_adangensis,1.55,0,0,0,0
Pinanga_albescens,4.5,0,0,0,1
Pinanga_andamanensis,NA,0,0,0,NA
Pinanga_angustisecta,1.7,0,0,0,0
Pinanga_annamensis,1.8,0,0,0,0
Pinanga_arinasae,1.45,0,0,0,0
Pinanga_aristata,0.8,0,0,0,0
Pinanga_arundinacea,NA,0,0,0,NA
Pinanga_auriculata,1.55,0,0,0,0
Pinanga_badia,1.7,0,0,0,0
Pinanga_basilanensis,1.6,0,0,0,0
Pinanga_batanensis,2.1,0,0,0,0
Pinanga_baviensis,2.5,0,0,0,0
Pinanga_bicolana,2.2,0,0,0,0
Pinanga_borneensis,NA,0,0,0,NA
Pinanga_brevipes,1,0,0,0,0
Pinanga_brewsteriana,NA,0,0,0,NA
Pinanga_caesia,1.7,0,0,0,0
Pinanga_capitata,1.2,0,0,0,0
Pinanga_cattienensis,1.9,0,0,0,0
Pinanga_celebica,1.5,0,0,0,0
Pinanga_chaiana,1.35,0,0,0,0
Pinanga_cleistantha,1.5,0,0,0,0
Pinanga_copelandii,2,0,0,0,0
Pinanga_coronata,1.3,0,0,0,0
Pinanga_crassipes,1.6,0,0,0,0
Pinanga_cucullata,1.3,0,0,0,0
Pinanga_cupularis,1.6,0,0,0,0
Pinanga_curranii,1.5,0,0,0,0
Pinanga_declinata,1.75,0,0,0,0
Pinanga_decora,1.5,0,0,0,0
Pinanga_densiflora,1.6,0,0,0,0
Pinanga_dicksonii,2,0,0,0,0
Pinanga_disticha,1.35,0,0,0,0
Pinanga_dumetosa,1.5,0,0,0,0
Pinanga_egregia,1.6,0,0,0,0
Pinanga_forbesii,NA,0,0,0,NA
Pinanga_fractiflexa,3,0,0,0,0
Pinanga_furfuracea,NA,0,0,0,NA
Pinanga_geonomiformis,1,0,0,0,0
Pinanga_glauca,1.2,0,0,0,0
Pinanga_glaucescens,1.7,0,0,0,0
Pinanga_glaucifolia,2,0,0,0,0
Pinanga_globulifera,NA,0,0,0,NA
Pinanga_gracilis,1.8,0,0,0,0
Pinanga_gracillima,NA,0,0,0,NA
Pinanga_grandijuga,NA,0,0,0,NA
Pinanga_grandis,NA,0,0,0,NA
Pinanga_griffithii,1.5,0,0,0,0
Pinanga_heterophylla,1,0,0,0,0
Pinanga_hexasticha,1.35,0,0,0,0
Pinanga_hookeriana,1.2,0,0,0,0
Pinanga_humilis,1.7,0,0,0,0
Pinanga_hymenospatha,NA,0,0,0,NA
Pinanga_inaequalis,1.3,0,0,0,0
Pinanga_insignis,2.6,0,0,0,0
Pinanga_isabelensis,2,0,0,0,0
Pinanga_jamariensis,NA,0,0,0,NA
Pinanga_jambusana,NA,0,0,0,NA
Pinanga_javana,2.3,0,0,0,0
Pinanga_johorensis,3,0,0,0,0
Pinanga_keahii,3.1,0,0,0,0
Pinanga_kontumensis,1.5,0,0,0,0
Pinanga_lacei,1.5,0,0,0,0
Pinanga_latisecta,1.7,0,0,0,0
Pinanga_lepidota,0.85,0,0,0,0
Pinanga_ligulata,2,0,0,0,0
Pinanga_limbangensis,NA,0,0,0,NA
Pinanga_limosa,1.1,0,0,0,0
Pinanga_macrospadix,NA,0,0,0,NA
Pinanga_maculata,2.5,0,0,0,0
Pinanga_malaiana,2.5,0,0,0,0
Pinanga_manii,2,0,0,0,0
Pinanga_megalocarpa,NA,0,0,0,NA
Pinanga_micholitzii,NA,0,0,0,NA
Pinanga_minor,1.5,0,0,0,0
Pinanga_minuta,0.95,0,0,0,0
Pinanga_mirabilis,2.25,0,0,0,0
Pinanga_modesta,1.625,0,0,0,0
Pinanga_mooreana,1.5,0,0,0,0
Pinanga_negrosensis,1.2,0,0,0,0
Pinanga_nuichuensis,NA,0,0,0,NA
Pinanga_pachycarpa,NA,0,0,0,NA
Pinanga_pachyphylla,0.9,0,0,0,0
Pinanga_palustris,NA,0,0,0,NA
Pinanga_pantiensis,NA,0,0,0,NA
Pinanga_paradoxa,1.8,0,0,0,0
Pinanga_parvula,NA,0,0,0,NA
Pinanga_patula,1,0,0,0,0
Pinanga_pectinata,1.8,0,0,0,0
Pinanga_perakensis,2,0,0,0,0
Pinanga_philippinensis,1.5,0,0,0,0
Pinanga_pilosa,1,0,0,0,0
Pinanga_plicata,1.5,0,0,0,0
Pinanga_polymorpha,1.6,0,0,0,0
Pinanga_porrecta,NA,0,0,0,NA
Pinanga_pulchella,NA,0,0,0,NA
Pinanga_purpurea,NA,0,0,0,NA
Pinanga_quadrijuga,1.3,0,0,0,0
Pinanga_ridleyana,1.7,0,0,0,0
Pinanga_rigida,1,0,0,0,0
Pinanga_riparia,1.3,0,0,0,0
Pinanga_rivularis,0.65,0,0,0,0
Pinanga_rumphiana,1.5,0,0,0,0
Pinanga_rupestris,1.7,0,0,0,0
Pinanga_salicifolia,1.5,0,0,0,0
Pinanga_samarana,NA,0,0,0,NA
Pinanga_sarmentosa,NA,0,0,0,NA
Pinanga_sclerophylla,1,0,0,0,0
Pinanga_scortechinii,1.35,0,0,0,0
Pinanga_sessilifolia,1.5,0,0,0,0
Pinanga_sibuyanensis,2.1,0,0,0,0
Pinanga_sierramadreana,1.3,0,0,0,0
Pinanga_simplicifrons,1.9,0,0,0,0
Pinanga_singaporensis,1.6,0,0,0,0
Pinanga_sobolifera,1.2,0,0,0,0
Pinanga_speciosa,0.4,0,0,0,0
Pinanga_stricta,1.5,0,0,0,0
Pinanga_stylosa,1.6,0,0,0,0
Pinanga_subintegra,1.7,0,0,0,0
Pinanga_subruminata,NA,0,0,0,NA
Pinanga_sylvestris,2.3,0,0,0,0
Pinanga_tashiroi,1.8,0,0,0,0
Pinanga_tenacinervis,1.2,0,0,0,0
Pinanga_tenella,1.4,0,0,0,0
Pinanga_tomentella,1.55,0,0,0,0
Pinanga_tomentosa,NA,0,0,0,NA
Pinanga_trichoneura,0.8,0,0,0,0
Pinanga_uncinata,NA,0,0,0,NA
Pinanga_urdanetensis,1.3,0,0,0,0
Pinanga_urosperma,0.65,0,0,0,0
Pinanga_variegata,1.7,0,0,0,0
Pinanga_veitchii,NA,0,0,0,NA
Pinanga_versicolor,1,0,0,0,0
Pinanga_watanaiana,1.5,0,0,0,0
Pinanga_woodiana,1.2,0,0,0,0
Pinanga_yassinii,NA,0,0,0,NA
Plectocomia_assamica,2.5,1,1,0,0
Plectocomia_billitonensis,NA,1,1,0,NA
Plectocomia_bractealis,NA,1,1,0,NA
Plectocomia_dransfieldiana,2.25,1,1,0,0
Plectocomia_elmeri,2.5,1,1,0,0
Plectocomia_elongata,3,1,1,0,0
Plectocomia_himalayana,1.5,1,1,0,0
Plectocomia_khasyana,2.6,1,1,0,0
Plectocomia_longistigma,1.6,1,1,0,0
Plectocomia_lorzingii,NA,1,1,0,NA
Plectocomia_macrostachya,NA,1,1,0,NA
Plectocomia_microstachys,2,1,1,0,0
Plectocomia_mulleri,2.5,1,1,0,0
Plectocomia_pierreana,2.3,1,1,0,0
Plectocomia_pygmaea,NA,1,1,0,NA
Plectocomiopsis_corneri,2.5,1,1,0,0
Plectocomiopsis_geminiflora,2.75,1,1,0,0
Plectocomiopsis_mira,2.5,1,1,0,0
Plectocomiopsis_songthanhensis,1.8,1,1,0,0
Plectocomiopsis_triquetra,2.5,1,1,0,0
Plectocomiopsis_wrayi,2.7,1,1,0,0
Podococcus_acaulis,2.5,0,0,0,0
Podococcus_barteri,2.5,0,0,0,0
Pogonotium_divaricatum,1.55,1,1,0,0
Pogonotium_moorei,1.3,1,1,0,0
Pogonotium_ursinum,1.7,1,1,0,0
Ponapea_hentyi,1.6,0,0,0,0
Ponapea_hosinoi,3,0,0,0,0
Ponapea_ledermanniana,4,0,0,0,1
Ponapea_palauensis,2.25,0,0,0,0
Prestoea_acuminata,1.4,0,0,0,0
Prestoea_carderi,0.85,0,0,0,0
Prestoea_decurrens,0.9,0,0,0,0
Prestoea_ensiformis,0.85,0,0,0,0
Prestoea_longipetiolata,1.05,0,0,0,0
Prestoea_pubens,0.9,0,0,0,0
Prestoea_pubigera,1,0,0,0,0
Prestoea_schultzeana,0.85,0,0,0,0
Prestoea_simplicifolia,1.15,0,0,0,0
Prestoea_tenuiramosa,1.1,0,0,0,0
Pritchardia_arecina,4.5,0,0,0,1
Pritchardia_bakeri,4,0,0,0,1
Pritchardia_beccariana,4,0,0,0,1
Pritchardia_flynnii,3,0,0,0,0
Pritchardia_forbesiana,4.25,0,0,0,1
Pritchardia_glabrata,2.5,0,0,0,0
Pritchardia_gordonii,5,0,0,0,1
Pritchardia_hardyi,2.75,0,0,0,0
Pritchardia_hillebrandii,1.85,0,0,0,0
Pritchardia_kaalae,2.5,0,0,0,0
Pritchardia_kahukuensis,1.5,0,0,0,0
Pritchardia_lanigera,4.5,0,0,0,1
Pritchardia_lowreyana,4.75,0,0,0,1
Pritchardia_maideniana,1.75,0,0,0,0
Pritchardia_martii,4.5,0,0,0,1
Pritchardia_minor,2.25,0,0,0,0
Pritchardia_mitiaroana,0.6,0,0,0,0
Pritchardia_munroi,2.1,0,0,0,0
Pritchardia_napaliensis,2.1,0,0,0,0
Pritchardia_pacifica,1.15,0,0,0,0
Pritchardia_perlmanii,2.95,0,0,0,0
Pritchardia_remota,1.9,0,0,0,0
Pritchardia_schattaueri,4,0,0,0,1
Pritchardia_thurstonii,7,0,0,0,1
Pritchardia_viscosa,2.95,0,0,0,0
Pritchardia_vuylstekeana,2.4,0,0,0,0
Pritchardia_waialealeana,2,0,0,0,0
Pritchardia_woodii,4.75,0,0,0,1
Pseudophoenix_ekmanii,1.3,0,0,0,0
Pseudophoenix_lediniana,2.12,0,0,0,0
Pseudophoenix_sargentii,1.39,0,0,0,0
Pseudophoenix_vinifera,3.07,0,0,0,0
Ptychococcus_lepidotus,1.2,0,0,0,0
Ptychococcus_paradoxus,5,0,0,0,1
Ptychosperma_ambiguum,2,0,0,0,0
Ptychosperma_buabe,1.9,0,0,0,0
Ptychosperma_burretianum,1.5,0,0,0,0
Ptychosperma_caryotoides,1.1,0,0,0,0
Ptychosperma_cuneatum,1.45,0,0,0,0
Ptychosperma_elegans,1.2,0,0,0,0
Ptychosperma_furcatum,1.3,0,0,0,0
Ptychosperma_gracile,1.55,0,0,0,0
Ptychosperma_halmaherense,1.4,0,0,0,0
Ptychosperma_hartmannii,NA,0,0,0,NA
Ptychosperma_lauterbachii,1.6,0,0,0,0
Ptychosperma_lineare,1.3,0,0,0,0
Ptychosperma_macarthurii,1.5,0,0,0,0
Ptychosperma_macrocerum,NA,0,0,0,NA
Ptychosperma_mambare,1.4,0,0,0,0
Ptychosperma_microcarpum,1.3,0,0,0,0
Ptychosperma_mooreanum,NA,0,0,0,NA
Ptychosperma_nicolai,1,0,0,0,0
Ptychosperma_praemorsum,NA,0,0,0,NA
Ptychosperma_propinquum,1.85,0,0,0,0
Ptychosperma_pullenii,1.2,0,0,0,0
Ptychosperma_ramosissimum,1,0,0,0,0
Ptychosperma_rosselense,1.7,0,0,0,0
Ptychosperma_salomonense,1.4,0,0,0,0
Ptychosperma_sanderianum,1.6,0,0,0,0
Ptychosperma_schefferi,1.55,0,0,0,0
Ptychosperma_streimannii,1.5,0,0,0,0
Ptychosperma_tagulense,1.7,0,0,0,0
Ptychosperma_vestitum,1.55,0,0,0,0
Ptychosperma_waitianum,1.8,0,0,0,0
Raphia_africana,8,1,1,0,1
Raphia_australis,7.5,1,1,0,1
Raphia_farinifera,7.5,1,1,0,1
Raphia_gentiliana,5.25,1,1,0,1
Raphia_hookeri,9,1,1,0,1
Raphia_laurentii,5.25,1,1,0,1
Raphia_longiflora,5,1,1,0,1
Raphia_mambillensis,5.5,1,1,0,1
Raphia_mannii,6.25,1,1,0,1
Raphia_matombe,NA,1,1,0,NA
Raphia_monbuttorum,6,1,1,0,1
Raphia_palma-pinus,8.75,1,1,0,1
Raphia_regalis,7.5,1,1,0,1
Raphia_rostrata,6.75,1,1,0,1
Raphia_ruwenzorica,11.5,1,1,0,1
Raphia_sese,6,1,1,0,1
Raphia_sudanica,8,1,1,0,1
Raphia_taedigera,6,1,1,0,1
Raphia_textilis,6.5,1,1,0,1
Raphia_vinifera,7.75,1,1,0,1
Ravenea_albicans,NA,0,0,0,NA
Ravenea_beentjei,1.5,0,0,0,0
Ravenea_delicatula,NA,0,0,0,NA
Ravenea_dransfieldii,1.75,0,0,0,0
Ravenea_glauca,2.1,0,0,0,0
Ravenea_hildebrandtii,0.95,0,0,0,0
Ravenea_hypoleuca,NA,0,0,0,NA
Ravenea_julietiae,2.45,0,0,0,0
Ravenea_krociana,2.85,0,0,0,0
Ravenea_lakatra,1.75,0,0,0,0
Ravenea_latisecta,1,0,0,0,0
Ravenea_louvelii,1.35,0,0,0,0
Ravenea_madagascariensis,0.75,0,0,0,0
Ravenea_moorei,1.35,0,0,0,0
Ravenea_musicalis,2,0,0,0,0
Ravenea_nana,1.7,0,0,0,0
Ravenea_rivularis,0.825,0,0,0,0
Ravenea_robustior,1.4,0,0,0,0
Ravenea_sambiranensis,1.1,0,0,0,0
Ravenea_xerophila,1.85,0,0,0,0
Reinhardtia_elegans,1.7,0,0,0,0
Reinhardtia_gracilis,1.4,0,0,0,0
Reinhardtia_koschnyana,1.2,0,0,0,0
Reinhardtia_latisecta,1.7,0,0,0,0
Reinhardtia_paiewonskiana,2,0,0,0,0
Reinhardtia_simplex,1.5,0,0,0,0
Retispatha_dumetosa,2,1,1,0,0
Rhapidophyllum_hystrix,2,1,1,0,0
Rhapis_cochinchinensis,NA,0,0,0,NA
Rhapis_excelsa,0.88,0,0,0,0
Rhapis_gracilis,0.815,0,0,0,0
Rhapis_humilis,0.7,0,0,0,0
Rhapis_micrantha,0.75,0,0,0,0
Rhapis_multifida,0.8,0,0,0,0
Rhapis_puhuongensis,2.95,0,0,0,0
Rhapis_robusta,2,0,0,0,0
Rhapis_subtilis,0.775,0,0,0,0
Rhapis_vidalii,0.905,0,0,0,0
Rhopaloblaste_augusta,2.4,0,0,0,0
Rhopaloblaste_ceramica,3.25,0,0,0,0
Rhopaloblaste_elegans,2.55,0,0,0,0
Rhopaloblaste_gideonii,1.7,0,0,0,0
Rhopaloblaste_ledermanniana,1.825,0,0,0,0
Rhopaloblaste_singaporensis,1.1,0,0,0,0
Rhopalostylis_baueri,1.4,0,0,0,0
Rhopalostylis_sapida,1.3,0,0,0,0
Roscheria_melanochaetes,1,1,1,1,0
Roystonea_altissima,1.3,0,0,0,0
Roystonea_borinquena,1.3,0,0,0,0
Roystonea_dunlapiana,1.3,0,0,0,0
Roystonea_lenis,1.25,0,0,0,0
Roystonea_maisiana,1.2,0,0,0,0
Roystonea_oleracea,1.5,0,0,0,0
Roystonea_princeps,1.5,0,0,0,0
Roystonea_regia,1.2,0,0,0,0
Roystonea_stellata,1,0,0,0,0
Roystonea_violacea,1.3,0,0,0,0
Sabal_bermudana,1.7,0,0,0,0
Sabal_brazoriensis,NA,0,0,0,NA
Sabal_causiarum,0.9,0,0,0,0
Sabal_domingensis,1.25,0,0,0,0
Sabal_etonia,1.2,0,0,0,0
Sabal_gretherae,1.8,0,0,0,0
Sabal_maritima,1.1,0,0,0,0
Sabal_mauritiiformis,0.95,0,0,0,0
Sabal_mexicana,1.45,0,0,0,0
Sabal_minor,0.8,0,0,0,0
Sabal_palmetto,1.1,0,0,0,0
Sabal_pumos,1.85,0,0,0,0
Sabal_rosei,1.85,0,0,0,0
Sabal_uresana,1.6,0,0,0,0
Sabal_yapa,1.15,0,0,0,0
Salacca_affinis,8,1,1,0,1
Salacca_bakeriana,NA,1,1,0,NA
Salacca_clemensiana,2.775,1,1,0,0
Salacca_dolicholepis,4,1,1,0,1
Salacca_dransfieldiana,NA,1,1,0,NA
Salacca_flabellata,NA,1,1,0,NA
Salacca_glabrescens,4.75,1,1,0,1
Salacca_graciliflora,3.4,1,1,0,0
Salacca_griffithii,8,1,1,0,1
Salacca_lophospatha,NA,1,1,0,NA
Salacca_magnifica,NA,1,1,0,NA
Salacca_minuta,NA,1,1,0,NA
Salacca_multiflora,1.8,1,1,0,0
Salacca_ramosiana,6,1,1,0,1
Salacca_rupicola,NA,1,1,0,NA
Salacca_sarawakensis,NA,1,1,0,NA
Salacca_secunda,6,1,1,0,1
Salacca_stolonifera,NA,1,1,0,NA
Salacca_sumatrana,7,1,1,0,1
Salacca_vermicularis,5.6,1,1,0,1
Salacca_wallichiana,7.5,1,1,0,1
Salacca_zalacca,4.35,1,1,0,1
Saribus_brevifolius,1.2,1,1,0,0
Saribus_chocolatinus,2.5,1,1,0,0
Saribus_jeanneneyi,4,1,1,0,1
Saribus_merrillii,2,1,1,0,0
Saribus_papuanus,1.95,1,1,0,0
Saribus_rotundifolius,1.8,1,1,0,0
Saribus_surru,6,1,1,0,1
Saribus_tothur,3.9,1,1,0,0
Saribus_woodfordii,1.075,1,1,0,0
Satakentia_liukiuensis,1.3,0,0,0,0
Satranala_decussilvae,5.6,0,0,0,1
Schippia_concolor,2.5,0,0,0,0
Sclerosperma_mannii,3,0,0,0,0
Sclerosperma_profizianum,3.75,0,0,0,0
Sclerosperma_walkeri,4.5,0,0,0,1
Serenoa_repens,2.05,1,1,0,0
Socratea_exorrhiza,3,0,0,0,0
Socratea_hecatonandra,4.5,0,0,0,1
Socratea_rostrata,3.5,0,0,0,0
Socratea_salazarii,3,0,0,0,0
Solfia_samoensis,1.5,0,0,0,0
Sommieria_leucophylla,1.2,0,0,0,0
Syagrus_allagopteroides,2.8,0,0,0,0
Syagrus_amara,6,0,0,0,1
Syagrus_angustifolia,3.15,0,0,0,0
Syagrus_botryophora,4.25,0,0,0,1
Syagrus_caerulescens,2.25,0,0,0,0
Syagrus_campestris,3.15,0,0,0,0
Syagrus_campos-portoana,3,0,0,0,0
Syagrus_campylospatha,2.5,0,0,0,0
Syagrus_cardenasii,3.1,0,0,0,0
Syagrus_cearensis,3.75,0,0,0,0
Syagrus_cerqueirana,2.9,0,0,0,0
Syagrus_cocoides,4.65,0,0,0,1
Syagrus_comosa,2.6,0,0,0,0
Syagrus_coronata,2.75,1,1,0,0
Syagrus_costae,3,0,0,0,0
Syagrus_deflexa,3.75,0,0,0,0
Syagrus_duartei,3.4,0,0,0,0
Syagrus_evansiana,1.9,0,0,0,0
Syagrus_flexuosa,4.25,0,0,0,1
Syagrus_glaucescens,2.5,0,0,0,0
Syagrus_glazioviana,2.5,0,NA,0,0
Syagrus_gouveiana,2.05,0,0,0,0
Syagrus_graminifolia,2.6,0,0,0,0
Syagrus_harleyi,2,0,0,0,0
Syagrus_inajai,4.35,0,0,0,1
Syagrus_itacambirana,2.15,0,0,0,0
Syagrus_kellyana,3.75,0,0,0,0
Syagrus_lilliputiana,1.75,0,0,0,0
Syagrus_loefgrenii,3.1,0,0,0,0
Syagrus_longipedunculata,2.15,0,0,0,0
Syagrus_lorenzoniorum,2.75,0,0,0,0
Syagrus_macrocarpa,7.75,0,0,0,1
Syagrus_matafome,2.75,0,0,0,0
Syagrus_mendanhensis,3,0,0,0,0
Syagrus_microphylla,2,0,0,0,0
Syagrus_minor,2.4,0,0,0,0
Syagrus_mirandana,NA,0,NA,0,NA
Syagrus_oleracea,5.5,0,0,0,1
Syagrus_orinocensis,3.5,0,0,0,0
Syagrus_petraea,2.25,0,0,0,0
Syagrus_picrophylla,3.5,0,0,0,0
Syagrus_pleioclada,2.5,0,0,0,0
Syagrus_pleiocladoides,2.15,0,0,0,0
Syagrus_procumbens,2.9,0,0,0,0
Syagrus_pseudococos,6.5,0,0,0,1
Syagrus_romanzoffiana,2.5,0,0,0,0
Syagrus_rupicola,3.7,0,0,0,0
Syagrus_ruschiana,2.5,0,0,0,0
Syagrus_sancona,3.25,0,0,0,0
Syagrus_schizophylla,2.75,1,1,0,0
Syagrus_smithii,6.5,0,0,0,1
Syagrus_stenopetala,3.5,0,0,0,0
Syagrus_stratincola,4.25,0,0,0,1
Syagrus_teixeiriana,3.4,0,NA,0,0
Syagrus_tostana,4,0,0,0,1
Syagrus_vagans,3.25,0,0,0,0
Syagrus_vermicularis,5.5,0,0,0,1
Syagrus_werdermannii,2.15,0,0,0,0
Syagrus_yungasensis,4,0,0,0,1
Synechanthus_fibrosus,1.75,0,0,0,0
Synechanthus_warscewiczianus,2.35,0,0,0,0
Tahina_spectabilis,3.25,0,0,0,0
Tectiphiala_ferox,1.1,1,1,1,0
Thrinax_excelsa,0.95,0,0,0,0
Thrinax_parviflora,0.7,0,0,0,0
Thrinax_radiata,0.75,0,0,0,0
Trachycarpus_fortunei,1.1,0,0,0,0
Trachycarpus_geminisectus,1,0,0,0,0
Trachycarpus_latisectus,1.7,0,0,0,0
Trachycarpus_martianus,1.2,0,0,0,0
Trachycarpus_nanus,1.1,0,0,0,0
Trachycarpus_oreophilus,0.7,0,0,0,0
Trachycarpus_princeps,0.8,0,0,0,0
Trachycarpus_takil,0.8,0,0,0,0
Trachycarpus_ukhrulensis,NA,1,1,0,NA
Trithrinax_biflabellata,0.8,1,1,NA,0
Trithrinax_brasiliensis,1.1,1,1,1,0
Trithrinax_campestris,0.8,1,1,1,0
Trithrinax_schizophylla,1.05,1,1,1,0
Veitchia_arecina,3.75,0,0,0,0
Veitchia_filifera,1.5,0,0,0,0
Veitchia_joannis,5,0,0,0,1
Veitchia_lepidota,NA,0,0,0,NA
Veitchia_metiti,NA,0,0,0,NA
Veitchia_pachyclada,2.4,0,0,0,0
Veitchia_simulans,2.2,0,0,0,0
Veitchia_spiralis,3.2,0,0,0,0
Veitchia_subdisticha,1.9,0,0,0,0
Veitchia_vitiensis,1.5,0,0,0,0
Veitchia_winin,2,0,0,0,0
Verschaffeltia_splendida,2.5,1,1,1,0
Voanioala_gerardii,7.5,0,0,0,1
Wallichia_caryotoides,1.7,0,0,0,0
Wallichia_disticha,2.2,0,0,0,0
Wallichia_gracilis,1.5,0,0,0,0
Wallichia_lidiae,NA,0,0,0,NA
Wallichia_marianneae,1.1,0,0,0,0
Wallichia_nana,1.2,0,0,0,0
Wallichia_oblongifolia,1.5,0,0,0,0
Wallichia_triandra,1.3,0,0,0,0
Washingtonia_filifera,0.6,1,1,0,0
Washingtonia_robusta,1,1,1,0,0
Welfia_regia,3.47,0,0,0,0
Wendlandiella_gracilis,0.9,0,0,0,0
Wettinia_aequalis,2.5,0,0,0,0
Wettinia_aequatorialis,1.9,0,0,0,0
Wettinia_anomala,1.7,0,0,0,0
Wettinia_augusta,2.75,0,0,0,0
Wettinia_castanea,4,0,0,0,1
Wettinia_disticha,2.5,0,0,0,0
Wettinia_drudei,2.5,0,0,0,0
Wettinia_fascicularis,4.5,0,0,0,1
Wettinia_hirsuta,2.35,0,0,0,0
Wettinia_kalbreyeri,2.95,0,0,0,0
Wettinia_lanata,4,0,0,0,1
Wettinia_longipetala,2.5,0,0,0,0
Wettinia_maynensis,2.15,0,0,0,0
Wettinia_microcarpa,2.5,0,0,0,0
Wettinia_minima,1.75,0,0,0,0
Wettinia_oxycarpa,3.5,0,0,0,0
Wettinia_panamensis,NA,0,0,0,NA
Wettinia_praemorsa,2.55,0,0,0,0
Wettinia_quinaria,2.75,0,0,0,0
Wettinia_radiata,4,0,0,0,1
Wettinia_verruculosa,2.5,0,0,0,0
Wodyetia_bifurcata,5.75,0,0,0,1
Zombia_antillarum,1.75,1,1,0,0